datetime,datetimeEpoch,tempmax,tempmin,temp,feelslikemax,feelslikemin,feelslike,dew,humidity,precip,precipprob,precipcover,preciptype,snow,snowdepth,windgust,windspeed,winddir,pressure,cloudcover,visibility,solarradiation,solarenergy,uvindex,severerisk,sunrise,sunriseEpoch,sunset,sunsetEpoch,moonphase,conditions,description,icon,stations,source
2024-12-02,1733072400,25.7,25.7,25.7,25.7,25.7,25.7,23.4,87.1,0.6,93.5,4.17,['rain'],0.0,0.0,25.2,14.8,229.4,1010.0,100.0,23.4,0.0,0.0,0.0,10.0,05:28:36,1733092116,17:55:54,1733136954,0.03,"Rain, Overcast",Cloudy skies throughout the day with late afternoon rain.,rain,,fcst
2024-12-03,1733158800,25.8,24.4,25.3,25.8,24.4,25.3,22.9,86.6,30.0,93.5,95.83,['rain'],0.0,0.0,46.4,23.4,234.1,1008.6,99.9,16.4,29.4,2.5,2.0,10.0,05:28:55,1733178535,17:56:22,1733223382,0.07,"Rain, Overcast",Cloudy skies throughout the day with a chance of rain throughout the day.,rain,,fcst
2024-12-04,1733245200,27.3,24.9,26.1,29.9,24.9,26.9,22.8,82.3,5.0,87.1,58.33,['rain'],0.0,0.0,37.4,20.9,231.3,1007.9,100.0,22.1,48.7,4.2,2.0,10.0,05:29:15,1733264955,17:56:51,1733309811,0.1,"Rain, Overcast",Cloudy skies throughout the day with a chance of rain throughout the day.,rain,,fcst
2024-12-05,1733331600,28.7,25.4,26.9,31.0,25.4,28.2,22.0,74.6,0.8,93.5,29.17,['rain'],0.0,0.0,31.3,17.6,253.5,1007.2,100.0,24.1,56.3,4.9,2.0,10.0,05:29:36,1733351376,17:57:19,1733396239,0.14,"Rain, Overcast",Cloudy skies throughout the day with rain.,rain,,fcst
2024-12-06,1733418000,29.7,26.1,27.6,32.4,26.1,29.4,22.2,72.7,2.0,77.4,16.67,['rain'],0.0,0.0,7.6,6.1,81.6,1006.6,100.0,22.8,106.2,9.2,4.0,10.0,05:29:57,1733437797,17:57:49,1733482669,0.18,"Rain, Overcast",Cloudy skies throughout the day with a chance of rain.,rain,,fcst
2024-12-07,1733504400,30.3,26.2,27.9,34.0,26.2,30.4,22.8,74.2,7.0,71.0,50.0,['rain'],0.0,0.0,14.0,14.4,69.0,1006.2,99.8,22.4,147.5,12.9,6.0,10.0,05:30:20,1733524220,17:58:18,1733569098,0.21,"Rain, Overcast",Cloudy skies throughout the day with a chance of rain throughout the day.,rain,,fcst
2024-12-08,1733590800,29.0,26.1,27.3,32.6,26.1,29.2,23.1,78.0,20.0,64.5,33.33,['rain'],0.0,0.0,11.5,11.5,60.2,1006.9,91.2,15.8,159.3,13.6,5.0,10.0,05:30:42,1733610642,17:58:47,1733655527,0.25,"Rain, Overcast",Cloudy skies throughout the day with a chance of rain throughout the day.,rain,,fcst
2024-12-09,1733677200,26.8,24.8,25.7,29.3,24.8,25.8,23.3,86.4,33.4,64.5,33.33,['rain'],0.0,0.0,18.7,9.7,269.7,1007.1,99.4,12.7,35.9,3.0,1.0,10.0,05:31:06,1733697066,17:59:17,1733741957,0.28,"Rain, Overcast",Cloudy skies throughout the day with a chance of rain throughout the day.,rain,,fcst
2024-12-10,1733763600,29.7,24.5,26.1,33.5,24.5,27.1,23.1,84.3,26.9,64.5,33.33,['rain'],0.0,0.0,16.9,11.2,284.9,1007.3,100.0,15.6,138.6,12.0,6.0,10.0,05:31:30,1733783490,17:59:47,1733828387,0.32,"Rain, Overcast",Cloudy skies throughout the day with a chance of rain throughout the day.,rain,,fcst
2024-12-11,1733850000,27.3,24.3,25.8,29.6,24.3,26.7,22.6,83.1,9.8,80.6,25.0,['rain'],0.0,0.0,39.6,18.0,236.5,1006.5,100.0,21.1,96.8,8.4,4.0,10.0,05:31:55,1733869915,18:00:17,1733914817,0.35,"Rain, Overcast",Cloudy skies throughout the day with a chance of rain throughout the day.,rain,,fcst
2024-12-12,1733936400,27.4,25.0,25.8,30.2,25.0,26.1,22.6,82.8,5.5,64.5,25.0,['rain'],0.0,0.0,44.6,26.6,238.4,1005.5,100.0,23.8,64.6,5.9,2.0,10.0,05:32:20,1733956340,18:00:48,1734001248,0.39,"Rain, Overcast",Cloudy skies throughout the day with a chance of rain throughout the day.,rain,,fcst
2024-12-13,1734022800,26.7,23.9,25.2,26.7,23.9,25.2,22.6,85.8,24.9,64.5,29.17,['rain'],0.0,0.0,41.0,22.0,248.5,1005.1,100.0,19.0,97.8,8.4,4.0,10.0,05:32:46,1734042766,18:01:18,1734087678,0.42,"Rain, Overcast",Cloudy skies throughout the day with a chance of rain throughout the day.,rain,,fcst
2024-12-14,1734109200,28.7,24.7,25.9,31.4,24.7,26.4,22.3,80.7,2.1,64.5,25.0,['rain'],0.0,0.0,38.5,19.4,266.3,1004.9,100.0,24.0,117.9,10.2,5.0,10.0,05:33:13,1734129193,18:01:49,1734174109,0.46,"Rain, Overcast",Cloudy skies throughout the day with a chance of rain throughout the day.,rain,,fcst
2024-12-15,1734195600,25.3,24.2,24.6,25.3,24.2,24.6,22.9,90.1,18.4,64.5,33.33,['rain'],0.0,0.0,25.6,15.1,260.9,1005.9,100.0,20.7,22.9,2.0,1.0,10.0,05:33:40,1734215620,18:02:19,1734260539,0.5,"Rain, Overcast",Cloudy skies throughout the day with a chance of rain throughout the day.,rain,,fcst
2024-12-16,1734282000,25.9,23.8,24.4,25.9,23.8,24.4,23.0,91.7,45.1,87.1,33.33,['rain'],0.0,0.0,33.1,15.1,244.8,1006.6,100.0,13.0,20.5,1.5,1.0,10.0,05:34:07,1734302047,18:02:49,1734346969,0.53,"Rain, Overcast",Cloudy skies throughout the day with a chance of rain throughout the day.,rain,,fcst
2024-12-03,1733158800,25.8,24.4,25.3,25.8,24.4,25.3,22.9,86.6,30.0,93.5,95.83,['rain'],0.0,0.0,46.4,23.4,234.1,1008.6,99.9,16.4,29.4,2.5,2.0,10.0,05:28:55,1733178535,17:56:22,1733223382,0.07,"Rain, Overcast",Cloudy skies throughout the day with a chance of rain throughout the day.,rain,,fcst
2024-12-04,1733245200,27.3,24.9,26.1,29.9,24.9,26.9,22.8,82.3,5.0,87.1,58.33,['rain'],0.0,0.0,37.4,20.9,231.3,1007.9,100.0,22.1,48.7,4.2,2.0,10.0,05:29:15,1733264955,17:56:51,1733309811,0.1,"Rain, Overcast",Cloudy skies throughout the day with a chance of rain throughout the day.,rain,,fcst
2024-12-05,1733331600,28.7,25.4,26.9,31.0,25.4,28.2,22.0,74.6,0.8,93.5,29.17,['rain'],0.0,0.0,31.3,17.6,253.5,1007.2,100.0,24.1,56.3,4.9,2.0,10.0,05:29:36,1733351376,17:57:19,1733396239,0.14,"Rain, Overcast",Cloudy skies throughout the day with rain.,rain,,fcst
2024-12-06,1733418000,29.7,26.1,27.6,32.4,26.1,29.4,22.2,72.7,2.0,77.4,16.67,['rain'],0.0,0.0,7.6,6.1,81.6,1006.6,100.0,22.8,106.2,9.2,4.0,10.0,05:29:57,1733437797,17:57:49,1733482669,0.18,"Rain, Overcast",Cloudy skies throughout the day with a chance of rain.,rain,,fcst
2024-12-07,1733504400,30.3,26.2,27.9,34.0,26.2,30.4,22.8,74.2,7.0,71.0,50.0,['rain'],0.0,0.0,14.0,14.4,69.0,1006.2,99.8,22.4,147.5,12.9,6.0,10.0,05:30:20,1733524220,17:58:18,1733569098,0.21,"Rain, Overcast",Cloudy skies throughout the day with a chance of rain throughout the day.,rain,,fcst
2024-12-08,1733590800,29.0,26.1,27.3,32.6,26.1,29.2,23.1,78.0,20.0,64.5,33.33,['rain'],0.0,0.0,11.5,11.5,60.2,1006.9,91.2,15.8,159.3,13.6,5.0,10.0,05:30:42,1733610642,17:58:47,1733655527,0.25,"Rain, Overcast",Cloudy skies throughout the day with a chance of rain throughout the day.,rain,,fcst
2024-12-09,1733677200,26.8,24.8,25.7,29.3,24.8,25.8,23.3,86.4,33.4,64.5,33.33,['rain'],0.0,0.0,18.7,9.7,269.7,1007.1,99.4,12.7,35.9,3.0,1.0,10.0,05:31:06,1733697066,17:59:17,1733741957,0.28,"Rain, Overcast",Cloudy skies throughout the day with a chance of rain throughout the day.,rain,,fcst
2024-12-10,1733763600,29.7,24.5,26.1,33.5,24.5,27.1,23.1,84.3,26.9,64.5,33.33,['rain'],0.0,0.0,16.9,11.2,284.9,1007.3,100.0,15.6,138.6,12.0,6.0,10.0,05:31:30,1733783490,17:59:47,1733828387,0.32,"Rain, Overcast",Cloudy skies throughout the day with a chance of rain throughout the day.,rain,,fcst
2024-12-11,1733850000,27.3,24.3,25.8,29.6,24.3,26.7,22.6,83.1,9.8,80.6,25.0,['rain'],0.0,0.0,39.6,18.0,236.5,1006.5,100.0,21.1,96.8,8.4,4.0,10.0,05:31:55,1733869915,18:00:17,1733914817,0.35,"Rain, Overcast",Cloudy skies throughout the day with a chance of rain throughout the day.,rain,,fcst
2024-12-12,1733936400,27.4,25.0,25.8,30.2,25.0,26.1,22.6,82.8,5.5,64.5,25.0,['rain'],0.0,0.0,44.6,26.6,238.4,1005.5,100.0,23.8,64.6,5.9,2.0,10.0,05:32:20,1733956340,18:00:48,1734001248,0.39,"Rain, Overcast",Cloudy skies throughout the day with a chance of rain throughout the day.,rain,,fcst
2024-12-13,1734022800,26.7,23.9,25.2,26.7,23.9,25.2,22.6,85.8,24.9,64.5,29.17,['rain'],0.0,0.0,41.0,22.0,248.5,1005.1,100.0,19.0,97.8,8.4,4.0,10.0,05:32:46,1734042766,18:01:18,1734087678,0.42,"Rain, Overcast",Cloudy skies throughout the day with a chance of rain throughout the day.,rain,,fcst
2024-12-14,1734109200,28.7,24.7,25.9,31.4,24.7,26.4,22.3,80.7,2.1,64.5,25.0,['rain'],0.0,0.0,38.5,19.4,266.3,1004.9,100.0,24.0,117.9,10.2,5.0,10.0,05:33:13,1734129193,18:01:49,1734174109,0.46,"Rain, Overcast",Cloudy skies throughout the day with a chance of rain throughout the day.,rain,,fcst
2024-12-15,1734195600,25.3,24.2,24.6,25.3,24.2,24.6,22.9,90.1,18.4,64.5,33.33,['rain'],0.0,0.0,25.6,15.1,260.9,1005.9,100.0,20.7,22.9,2.0,1.0,10.0,05:33:40,1734215620,18:02:19,1734260539,0.5,"Rain, Overcast",Cloudy skies throughout the day with a chance of rain throughout the day.,rain,,fcst
2024-12-16,1734282000,25.9,23.8,24.4,25.9,23.8,24.4,23.0,91.7,45.1,87.1,33.33,['rain'],0.0,0.0,33.1,15.1,244.8,1006.6,100.0,13.0,20.5,1.5,1.0,10.0,05:34:07,1734302047,18:02:49,1734346969,0.53,"Rain, Overcast",Cloudy skies throughout the day with a chance of rain throughout the day.,rain,,fcst
2024-12-17,1734368400,26.1,23.8,24.9,26.1,23.8,24.9,22.8,87.9,11.2,67.7,33.33,['rain'],0.0,0.0,32.0,15.1,228.9,1005.9,100.0,17.3,38.8,3.5,1.0,10.0,05:34:35,1734388475,18:03:20,1734433400,0.56,"Rain, Overcast",Cloudy skies throughout the day with a chance of rain throughout the day.,rain,,fcst
2024-12-03,1733158800,25.8,24.4,25.3,25.8,24.4,25.3,22.9,86.6,29.2,93.5,91.67,['rain'],0.0,0.0,46.4,23.4,233.5,1008.6,99.9,16.2,30.7,2.5,2.0,10.0,05:28:55,1733178535,17:56:22,1733223382,0.07,"Rain, Overcast",Cloudy skies throughout the day with a chance of rain throughout the day.,rain,,fcst
2024-12-04,1733245200,27.3,24.9,26.1,29.9,24.9,26.9,22.8,82.3,5.0,87.1,58.33,['rain'],0.0,0.0,37.4,20.9,231.3,1007.9,100.0,22.1,48.7,4.2,2.0,10.0,05:29:15,1733264955,17:56:51,1733309811,0.1,"Rain, Overcast",Cloudy skies throughout the day with a chance of rain throughout the day.,rain,,fcst
2024-12-05,1733331600,28.7,25.4,26.9,31.0,25.4,28.2,22.0,74.6,0.8,93.5,29.17,['rain'],0.0,0.0,31.3,17.6,253.5,1007.2,100.0,24.1,56.3,4.9,2.0,10.0,05:29:36,1733351376,17:57:19,1733396239,0.14,"Rain, Overcast",Cloudy skies throughout the day with rain.,rain,,fcst
2024-12-06,1733418000,29.7,26.1,27.6,32.4,26.1,29.4,22.2,72.7,2.0,77.4,16.67,['rain'],0.0,0.0,7.6,6.1,81.6,1006.6,100.0,22.8,106.2,9.2,4.0,10.0,05:29:57,1733437797,17:57:49,1733482669,0.18,"Rain, Overcast",Cloudy skies throughout the day with a chance of rain.,rain,,fcst
2024-12-07,1733504400,30.3,26.2,27.9,34.0,26.2,30.4,22.8,74.2,7.0,71.0,50.0,['rain'],0.0,0.0,14.0,14.4,69.0,1006.2,99.8,22.4,147.5,12.9,6.0,10.0,05:30:20,1733524220,17:58:18,1733569098,0.21,"Rain, Overcast",Cloudy skies throughout the day with a chance of rain throughout the day.,rain,,fcst
2024-12-08,1733590800,29.0,26.1,27.3,32.6,26.1,29.2,23.1,78.0,20.0,64.5,33.33,['rain'],0.0,0.0,11.5,11.5,60.2,1006.9,91.2,15.8,159.3,13.6,5.0,10.0,05:30:42,1733610642,17:58:47,1733655527,0.25,"Rain, Overcast",Cloudy skies throughout the day with a chance of rain throughout the day.,rain,,fcst
2024-12-09,1733677200,26.8,24.8,25.7,29.3,24.8,25.8,23.3,86.4,33.4,64.5,33.33,['rain'],0.0,0.0,18.7,9.7,269.7,1007.1,99.4,12.7,35.9,3.0,1.0,10.0,05:31:06,1733697066,17:59:17,1733741957,0.28,"Rain, Overcast",Cloudy skies throughout the day with a chance of rain throughout the day.,rain,,fcst
2024-12-10,1733763600,29.7,24.5,26.1,33.5,24.5,27.1,23.1,84.3,26.9,64.5,33.33,['rain'],0.0,0.0,16.9,11.2,284.9,1007.3,100.0,15.6,138.6,12.0,6.0,10.0,05:31:30,1733783490,17:59:47,1733828387,0.32,"Rain, Overcast",Cloudy skies throughout the day with a chance of rain throughout the day.,rain,,fcst
2024-12-11,1733850000,27.3,24.3,25.8,29.6,24.3,26.7,22.6,83.1,9.8,80.6,25.0,['rain'],0.0,0.0,39.6,18.0,236.5,1006.5,100.0,21.1,96.8,8.4,4.0,10.0,05:31:55,1733869915,18:00:17,1733914817,0.35,"Rain, Overcast",Cloudy skies throughout the day with a chance of rain throughout the day.,rain,,fcst
2024-12-12,1733936400,27.4,25.0,25.8,30.2,25.0,26.1,22.6,82.8,5.5,64.5,25.0,['rain'],0.0,0.0,44.6,26.6,238.4,1005.5,100.0,23.8,64.6,5.9,2.0,10.0,05:32:20,1733956340,18:00:48,1734001248,0.39,"Rain, Overcast",Cloudy skies throughout the day with a chance of rain throughout the day.,rain,,fcst
2024-12-13,1734022800,26.7,23.9,25.2,26.7,23.9,25.2,22.6,85.8,24.9,64.5,29.17,['rain'],0.0,0.0,41.0,22.0,248.5,1005.1,100.0,19.0,97.8,8.4,4.0,10.0,05:32:46,1734042766,18:01:18,1734087678,0.42,"Rain, Overcast",Cloudy skies throughout the day with a chance of rain throughout the day.,rain,,fcst
2024-12-14,1734109200,28.7,24.7,25.9,31.4,24.7,26.4,22.3,80.7,2.1,64.5,25.0,['rain'],0.0,0.0,38.5,19.4,266.3,1004.9,100.0,24.0,117.9,10.2,5.0,10.0,05:33:13,1734129193,18:01:49,1734174109,0.46,"Rain, Overcast",Cloudy skies throughout the day with a chance of rain throughout the day.,rain,,fcst
2024-12-15,1734195600,25.3,24.2,24.6,25.3,24.2,24.6,22.9,90.1,18.4,64.5,33.33,['rain'],0.0,0.0,25.6,15.1,260.9,1005.9,100.0,20.7,22.9,2.0,1.0,10.0,05:33:40,1734215620,18:02:19,1734260539,0.5,"Rain, Overcast",Cloudy skies throughout the day with a chance of rain throughout the day.,rain,,fcst
2024-12-16,1734282000,25.9,23.8,24.4,25.9,23.8,24.4,23.0,91.7,45.1,87.1,33.33,['rain'],0.0,0.0,33.1,15.1,244.8,1006.6,100.0,13.0,20.5,1.5,1.0,10.0,05:34:07,1734302047,18:02:49,1734346969,0.53,"Rain, Overcast",Cloudy skies throughout the day with a chance of rain throughout the day.,rain,,fcst
2024-12-17,1734368400,26.1,23.8,24.9,26.1,23.8,24.9,22.8,87.9,11.2,67.7,33.33,['rain'],0.0,0.0,32.0,15.1,228.9,1005.9,100.0,17.3,38.8,3.5,1.0,10.0,05:34:35,1734388475,18:03:20,1734433400,0.56,"Rain, Overcast",Cloudy skies throughout the day with a chance of rain throughout the day.,rain,,fcst
2024-12-03,1733158800,27.3,25.0,26.2,29.7,25.0,26.8,22.4,79.9,9.1,87.1,54.17,['rain'],0.0,0.0,47.2,26.6,236.0,1008.5,100.0,21.3,43.1,3.4,2.0,10.0,05:28:55,1733178535,17:56:22,1733223382,0.07,"Rain, Overcast",Cloudy skies throughout the day with a chance of rain.,rain,,fcst
2024-12-04,1733245200,27.8,24.7,26.1,30.6,24.7,27.0,22.6,81.3,10.3,87.1,62.5,['rain'],0.0,0.0,38.5,19.4,238.2,1007.9,99.9,20.6,39.6,3.3,2.0,10.0,05:29:15,1733264955,17:56:51,1733309811,0.1,"Rain, Overcast",Cloudy skies throughout the day with a chance of rain.,rain,,fcst
2024-12-05,1733331600,29.2,24.9,27.0,32.1,24.9,28.6,22.5,77.2,4.6,93.5,37.5,['rain'],0.0,0.0,15.8,11.5,286.8,1007.1,100.0,21.5,123.4,10.6,7.0,10.0,05:29:36,1733351376,17:57:19,1733396239,0.14,"Rain, Overcast",Cloudy skies throughout the day with rain clearing later.,rain,,fcst
2024-12-06,1733418000,30.8,25.5,27.5,34.0,25.5,29.3,22.5,74.7,12.4,77.4,66.67,['rain'],0.0,0.0,15.8,14.8,46.9,1006.6,95.9,17.6,146.9,12.8,7.0,10.0,05:29:57,1733437797,17:57:49,1733482669,0.18,"Rain, Overcast",Cloudy skies throughout the day with a chance of rain throughout the day.,rain,,fcst
2024-12-07,1733504400,29.4,24.6,26.7,33.0,24.6,28.2,22.8,79.9,11.0,71.0,50.0,['rain'],0.0,0.0,14.8,11.5,69.3,1006.5,97.0,18.8,159.4,13.7,6.0,10.0,05:30:20,1733524220,17:58:18,1733569098,0.21,"Rain, Overcast",Cloudy skies throughout the day with a chance of rain.,rain,,fcst
2024-12-08,1733590800,29.1,24.8,26.8,32.6,24.8,28.5,23.3,81.3,19.0,64.5,33.33,['rain'],0.0,0.0,11.5,9.4,282.7,1007.0,96.8,15.1,125.1,11.4,5.0,10.0,05:30:42,1733610642,17:58:47,1733655527,0.25,"Rain, Overcast",Cloudy skies throughout the day with a chance of rain throughout the day.,rain,,fcst
2024-12-09,1733677200,30.2,26.2,27.5,33.8,26.2,29.6,23.0,76.6,14.2,64.5,33.33,['rain'],0.0,0.0,15.1,17.6,303.1,1006.8,100.0,17.4,146.0,12.6,7.0,10.0,05:31:06,1733697066,17:59:17,1733741957,0.28,"Rain, Overcast",Cloudy skies throughout the day with a chance of rain throughout the day.,rain,,fcst
2024-12-10,1733763600,28.0,25.0,26.1,30.9,25.0,26.7,22.9,83.0,20.3,64.5,33.33,['rain'],0.0,0.0,14.0,10.1,287.3,1006.6,99.9,15.3,78.6,6.8,3.0,10.0,05:31:30,1733783490,17:59:47,1733828387,0.32,"Rain, Overcast",Cloudy skies throughout the day with a chance of rain throughout the day.,rain,,fcst
2024-12-11,1733850000,26.7,24.2,25.3,26.7,24.2,25.3,22.6,85.1,12.5,80.6,29.17,['rain'],0.0,0.0,37.4,19.4,238.9,1006.1,100.0,19.5,42.5,3.8,1.0,10.0,05:31:55,1733869915,18:00:17,1733914817,0.35,"Rain, Overcast",Cloudy skies throughout the day with a chance of rain throughout the day.,rain,,fcst
2024-12-12,1733936400,27.8,25.2,26.1,30.6,25.2,26.9,22.6,81.0,3.8,64.5,29.17,['rain'],0.0,0.0,43.6,24.8,237.3,1005.8,100.0,22.0,71.5,6.0,3.0,10.0,05:32:20,1733956340,18:00:48,1734001248,0.39,"Rain, Overcast",Cloudy skies throughout the day with a chance of rain throughout the day.,rain,,fcst
2024-12-13,1734022800,26.5,24.0,25.1,26.5,24.0,25.1,22.8,87.6,38.4,64.5,29.17,['rain'],0.0,0.0,41.0,20.9,238.6,1006.1,100.0,15.8,63.5,5.6,2.0,10.0,05:32:46,1734042766,18:01:18,1734087678,0.42,"Rain, Overcast",Cloudy skies throughout the day with a chance of rain throughout the day.,rain,,fcst
2024-12-14,1734109200,27.1,24.3,25.2,29.6,24.3,25.3,22.5,85.2,4.5,64.5,25.0,['rain'],0.0,0.0,45.0,25.2,257.9,1006.1,98.6,20.2,98.6,8.4,6.0,10.0,05:33:13,1734129193,18:01:49,1734174109,0.46,"Rain, Overcast",Cloudy skies throughout the day with a chance of rain.,rain,,fcst
2024-12-15,1734195600,26.4,23.9,24.9,26.4,23.9,24.9,22.9,88.7,16.7,64.5,33.33,['rain'],0.0,0.0,35.3,19.1,260.0,1006.5,98.8,20.9,64.3,5.7,4.0,10.0,05:33:40,1734215620,18:02:19,1734260539,0.5,"Rain, Overcast",Cloudy skies throughout the day with a chance of rain throughout the day.,rain,,fcst
2024-12-16,1734282000,27.0,24.3,25.4,29.6,24.3,25.6,22.9,85.8,7.4,87.1,33.33,['rain'],0.0,0.0,41.8,20.5,259.9,1006.8,98.3,20.3,107.1,9.2,5.0,10.0,05:34:07,1734302047,18:02:49,1734346969,0.53,"Rain, Overcast",Cloudy skies throughout the day with a chance of rain throughout the day.,rain,,fcst
2024-12-17,1734368400,28.9,24.6,26.4,32.3,24.6,27.5,23.0,81.7,8.7,67.7,33.33,['rain'],0.0,0.0,34.2,20.5,257.7,1006.8,100.0,20.2,136.0,11.7,5.0,10.0,05:34:35,1734388475,18:03:20,1734433400,0.56,"Rain, Overcast",Cloudy skies throughout the day with a chance of rain throughout the day.,rain,,fcst
2024-12-03,1733158800,27.3,25.0,26.2,29.7,25.0,26.9,22.4,79.7,9.1,87.1,54.17,['rain'],0.0,0.0,47.2,26.6,235.7,1008.5,100.0,21.2,45.1,3.4,2.0,10.0,05:28:55,1733178535,17:56:22,1733223382,0.07,"Rain, Overcast",Cloudy skies throughout the day with a chance of rain.,rain,,fcst
2024-12-04,1733245200,27.8,24.7,26.1,30.6,24.7,27.0,22.6,81.3,10.3,87.1,62.5,['rain'],0.0,0.0,38.5,19.4,238.2,1007.9,99.9,20.6,39.6,3.3,2.0,10.0,05:29:15,1733264955,17:56:51,1733309811,0.1,"Rain, Overcast",Cloudy skies throughout the day with a chance of rain.,rain,,fcst
2024-12-05,1733331600,29.2,24.9,27.0,32.1,24.9,28.6,22.5,77.2,4.6,93.5,37.5,['rain'],0.0,0.0,15.8,11.5,286.8,1007.1,100.0,21.5,123.4,10.6,7.0,10.0,05:29:36,1733351376,17:57:19,1733396239,0.14,"Rain, Overcast",Cloudy skies throughout the day with rain clearing later.,rain,,fcst
2024-12-06,1733418000,30.8,25.5,27.5,34.0,25.5,29.3,22.5,74.7,12.4,77.4,66.67,['rain'],0.0,0.0,15.8,14.8,46.9,1006.6,95.9,17.6,146.9,12.8,7.0,10.0,05:29:57,1733437797,17:57:49,1733482669,0.18,"Rain, Overcast",Cloudy skies throughout the day with a chance of rain throughout the day.,rain,,fcst
2024-12-07,1733504400,29.4,24.6,26.7,33.0,24.6,28.2,22.8,79.9,11.0,71.0,50.0,['rain'],0.0,0.0,14.8,11.5,69.3,1006.5,97.0,18.8,159.4,13.7,6.0,10.0,05:30:20,1733524220,17:58:18,1733569098,0.21,"Rain, Overcast",Cloudy skies throughout the day with a chance of rain.,rain,,fcst
2024-12-08,1733590800,29.1,24.8,26.8,32.6,24.8,28.5,23.3,81.3,19.0,64.5,33.33,['rain'],0.0,0.0,11.5,9.4,282.7,1007.0,96.8,15.1,125.1,11.4,5.0,10.0,05:30:42,1733610642,17:58:47,1733655527,0.25,"Rain, Overcast",Cloudy skies throughout the day with a chance of rain throughout the day.,rain,,fcst
2024-12-09,1733677200,30.2,26.2,27.5,33.8,26.2,29.6,23.0,76.6,14.2,64.5,33.33,['rain'],0.0,0.0,15.1,17.6,303.1,1006.8,100.0,17.4,146.0,12.6,7.0,10.0,05:31:06,1733697066,17:59:17,1733741957,0.28,"Rain, Overcast",Cloudy skies throughout the day with a chance of rain throughout the day.,rain,,fcst
2024-12-10,1733763600,28.0,25.0,26.1,30.9,25.0,26.7,22.9,83.0,20.3,64.5,33.33,['rain'],0.0,0.0,14.0,10.1,287.3,1006.6,99.9,15.3,78.6,6.8,3.0,10.0,05:31:30,1733783490,17:59:47,1733828387,0.32,"Rain, Overcast",Cloudy skies throughout the day with a chance of rain throughout the day.,rain,,fcst
2024-12-11,1733850000,26.7,24.2,25.3,26.7,24.2,25.3,22.6,85.1,12.5,80.6,29.17,['rain'],0.0,0.0,37.4,19.4,238.9,1006.1,100.0,19.5,42.5,3.8,1.0,10.0,05:31:55,1733869915,18:00:17,1733914817,0.35,"Rain, Overcast",Cloudy skies throughout the day with a chance of rain throughout the day.,rain,,fcst
2024-12-12,1733936400,27.8,25.2,26.1,30.6,25.2,26.9,22.6,81.0,3.8,64.5,29.17,['rain'],0.0,0.0,43.6,24.8,237.3,1005.8,100.0,22.0,71.5,6.0,3.0,10.0,05:32:20,1733956340,18:00:48,1734001248,0.39,"Rain, Overcast",Cloudy skies throughout the day with a chance of rain throughout the day.,rain,,fcst
2024-12-13,1734022800,26.5,24.0,25.1,26.5,24.0,25.1,22.8,87.6,38.4,64.5,29.17,['rain'],0.0,0.0,41.0,20.9,238.6,1006.1,100.0,15.8,63.5,5.6,2.0,10.0,05:32:46,1734042766,18:01:18,1734087678,0.42,"Rain, Overcast",Cloudy skies throughout the day with a chance of rain throughout the day.,rain,,fcst
2024-12-14,1734109200,27.1,24.3,25.2,29.6,24.3,25.3,22.5,85.2,4.5,64.5,25.0,['rain'],0.0,0.0,45.0,25.2,257.9,1006.1,98.6,20.2,98.6,8.4,6.0,10.0,05:33:13,1734129193,18:01:49,1734174109,0.46,"Rain, Overcast",Cloudy skies throughout the day with a chance of rain.,rain,,fcst
2024-12-15,1734195600,26.4,23.9,24.9,26.4,23.9,24.9,22.9,88.7,16.7,64.5,33.33,['rain'],0.0,0.0,35.3,19.1,260.0,1006.5,98.8,20.9,64.3,5.7,4.0,10.0,05:33:40,1734215620,18:02:19,1734260539,0.5,"Rain, Overcast",Cloudy skies throughout the day with a chance of rain throughout the day.,rain,,fcst
2024-12-16,1734282000,27.0,24.3,25.4,29.6,24.3,25.6,22.9,85.8,7.4,87.1,33.33,['rain'],0.0,0.0,41.8,20.5,259.9,1006.8,98.3,20.3,107.1,9.2,5.0,10.0,05:34:07,1734302047,18:02:49,1734346969,0.53,"Rain, Overcast",Cloudy skies throughout the day with a chance of rain throughout the day.,rain,,fcst
2024-12-17,1734368400,28.9,24.6,26.4,32.3,24.6,27.5,23.0,81.7,8.7,67.7,33.33,['rain'],0.0,0.0,34.2,20.5,257.7,1006.8,100.0,20.2,136.0,11.7,5.0,10.0,05:34:35,1734388475,18:03:20,1734433400,0.56,"Rain, Overcast",Cloudy skies throughout the day with a chance of rain throughout the day.,rain,,fcst
2024-12-03,1733158800,27.3,25.0,26.2,29.7,25.0,26.9,22.4,79.6,9.1,87.1,54.17,['rain'],0.0,0.0,47.2,26.6,235.7,1008.6,100.0,21.1,47.4,3.4,2.0,10.0,05:28:55,1733178535,17:56:22,1733223382,0.07,"Rain, Overcast",Cloudy skies throughout the day with a chance of rain.,rain,,fcst
2024-12-04,1733245200,27.8,24.7,26.1,30.6,24.7,27.0,22.6,81.3,10.3,83.9,62.5,['rain'],0.0,0.0,38.5,19.4,238.2,1007.9,99.9,20.6,39.6,3.3,2.0,10.0,05:29:15,1733264955,17:56:51,1733309811,0.1,"Rain, Overcast",Cloudy skies throughout the day with a chance of rain.,rain,,fcst
2024-12-05,1733331600,29.2,24.9,27.0,32.1,24.9,28.6,22.5,77.2,4.6,87.1,37.5,['rain'],0.0,0.0,15.8,11.5,286.8,1007.1,100.0,21.5,123.4,10.6,7.0,10.0,05:29:36,1733351376,17:57:19,1733396239,0.14,"Rain, Overcast",Cloudy skies throughout the day with rain clearing later.,rain,,fcst
2024-12-06,1733418000,30.8,25.5,27.5,34.0,25.5,29.3,22.5,74.7,12.4,87.1,66.67,['rain'],0.0,0.0,15.8,14.8,46.9,1006.6,95.9,17.6,146.9,12.8,7.0,10.0,05:29:57,1733437797,17:57:49,1733482669,0.18,"Rain, Overcast",Cloudy skies throughout the day with a chance of rain throughout the day.,rain,,fcst
2024-12-07,1733504400,29.4,24.6,26.7,33.0,24.6,28.2,22.8,79.9,11.0,67.7,50.0,['rain'],0.0,0.0,14.8,11.5,69.3,1006.5,97.0,18.8,159.4,13.7,6.0,10.0,05:30:20,1733524220,17:58:18,1733569098,0.21,"Rain, Overcast",Cloudy skies throughout the day with a chance of rain.,rain,,fcst
2024-12-08,1733590800,29.1,24.8,26.8,32.6,24.8,28.5,23.3,81.3,19.0,71.0,33.33,['rain'],0.0,0.0,11.5,9.4,282.7,1007.0,96.8,15.1,125.1,11.4,5.0,10.0,05:30:42,1733610642,17:58:47,1733655527,0.25,"Rain, Overcast",Cloudy skies throughout the day with a chance of rain throughout the day.,rain,,fcst
2024-12-09,1733677200,30.2,26.2,27.5,33.8,26.2,29.6,23.0,76.6,14.2,80.6,33.33,['rain'],0.0,0.0,15.1,17.6,303.1,1006.8,100.0,17.4,146.0,12.6,7.0,10.0,05:31:06,1733697066,17:59:17,1733741957,0.28,"Rain, Overcast",Cloudy skies throughout the day with a chance of rain throughout the day.,rain,,fcst
2024-12-10,1733763600,28.0,25.0,26.1,30.9,25.0,26.7,22.9,83.0,20.3,67.7,33.33,['rain'],0.0,0.0,14.0,10.1,287.3,1006.6,99.9,15.3,78.6,6.8,3.0,10.0,05:31:30,1733783490,17:59:47,1733828387,0.32,"Rain, Overcast",Cloudy skies throughout the day with a chance of rain throughout the day.,rain,,fcst
2024-12-11,1733850000,26.7,24.2,25.3,26.7,24.2,25.3,22.6,85.1,12.5,58.1,29.17,['rain'],0.0,0.0,37.4,19.4,238.9,1006.1,100.0,19.5,42.5,3.8,1.0,10.0,05:31:55,1733869915,18:00:17,1733914817,0.35,"Rain, Overcast",Cloudy skies throughout the day with a chance of rain throughout the day.,rain,,fcst
2024-12-12,1733936400,27.8,25.2,26.1,30.6,25.2,26.9,22.6,81.0,3.8,61.3,29.17,['rain'],0.0,0.0,43.6,24.8,237.3,1005.8,100.0,22.0,71.5,6.0,3.0,10.0,05:32:20,1733956340,18:00:48,1734001248,0.39,"Rain, Overcast",Cloudy skies throughout the day with a chance of rain throughout the day.,rain,,fcst
2024-12-13,1734022800,26.5,24.0,25.1,26.5,24.0,25.1,22.8,87.6,38.4,54.8,29.17,['rain'],0.0,0.0,41.0,20.9,238.6,1006.1,100.0,15.8,63.5,5.6,2.0,10.0,05:32:46,1734042766,18:01:18,1734087678,0.42,"Rain, Overcast",Cloudy skies throughout the day with a chance of rain throughout the day.,rain,,fcst
2024-12-14,1734109200,27.1,24.3,25.2,29.6,24.3,25.3,22.5,85.2,4.5,67.7,25.0,['rain'],0.0,0.0,45.0,25.2,257.9,1006.1,98.6,20.2,98.6,8.4,6.0,10.0,05:33:13,1734129193,18:01:49,1734174109,0.46,"Rain, Overcast",Cloudy skies throughout the day with a chance of rain.,rain,,fcst
2024-12-15,1734195600,26.4,23.9,24.9,26.4,23.9,24.9,22.9,88.7,16.7,58.1,33.33,['rain'],0.0,0.0,35.3,19.1,260.0,1006.5,98.8,20.9,64.3,5.7,4.0,10.0,05:33:40,1734215620,18:02:19,1734260539,0.5,"Rain, Overcast",Cloudy skies throughout the day with a chance of rain throughout the day.,rain,,fcst
2024-12-16,1734282000,27.0,24.3,25.4,29.6,24.3,25.6,22.9,85.8,7.4,58.1,33.33,['rain'],0.0,0.0,41.8,20.5,259.9,1006.8,98.3,20.3,107.1,9.2,5.0,10.0,05:34:07,1734302047,18:02:49,1734346969,0.53,"Rain, Overcast",Cloudy skies throughout the day with a chance of rain throughout the day.,rain,,fcst
2024-12-17,1734368400,28.9,24.6,26.4,32.3,24.6,27.5,23.0,81.7,8.7,58.1,33.33,['rain'],0.0,0.0,34.2,20.5,257.7,1006.8,100.0,20.2,136.0,11.7,5.0,10.0,05:34:35,1734388475,18:03:20,1734433400,0.56,"Rain, Overcast",Cloudy skies throughout the day with a chance of rain throughout the day.,rain,,fcst
2024-12-03,1733158800,27.3,25.0,26.3,29.7,25.0,26.9,22.4,79.5,9.1,87.1,54.17,['rain'],0.0,0.0,47.2,26.6,236.0,1008.7,100.0,20.9,49.9,3.4,2.0,10.0,05:28:55,1733178535,17:56:22,1733223382,0.07,"Rain, Overcast",Cloudy skies throughout the day with a chance of rain.,rain,,fcst
2024-12-04,1733245200,27.8,24.7,26.1,30.6,24.7,27.0,22.6,81.3,10.3,83.9,62.5,['rain'],0.0,0.0,38.5,19.4,238.2,1007.9,99.9,20.6,39.6,3.3,2.0,10.0,05:29:15,1733264955,17:56:51,1733309811,0.1,"Rain, Overcast",Cloudy skies throughout the day with a chance of rain.,rain,,fcst
2024-12-05,1733331600,29.2,24.9,27.0,32.1,24.9,28.6,22.5,77.2,4.6,87.1,37.5,['rain'],0.0,0.0,15.8,11.5,286.8,1007.1,100.0,21.5,123.4,10.6,7.0,10.0,05:29:36,1733351376,17:57:19,1733396239,0.14,"Rain, Overcast",Cloudy skies throughout the day with rain clearing later.,rain,,fcst
2024-12-06,1733418000,30.8,25.5,27.5,34.0,25.5,29.3,22.5,74.7,12.4,87.1,66.67,['rain'],0.0,0.0,15.8,14.8,46.9,1006.6,95.9,17.6,146.9,12.8,7.0,10.0,05:29:57,1733437797,17:57:49,1733482669,0.18,"Rain, Overcast",Cloudy skies throughout the day with a chance of rain throughout the day.,rain,,fcst
2024-12-07,1733504400,29.4,24.6,26.7,33.0,24.6,28.2,22.8,79.9,11.0,67.7,50.0,['rain'],0.0,0.0,14.8,11.5,69.3,1006.5,97.0,18.8,159.4,13.7,6.0,10.0,05:30:20,1733524220,17:58:18,1733569098,0.21,"Rain, Overcast",Cloudy skies throughout the day with a chance of rain.,rain,,fcst
2024-12-08,1733590800,29.1,24.8,26.8,32.6,24.8,28.5,23.3,81.3,19.0,71.0,33.33,['rain'],0.0,0.0,11.5,9.4,282.7,1007.0,96.8,15.1,125.1,11.4,5.0,10.0,05:30:42,1733610642,17:58:47,1733655527,0.25,"Rain, Overcast",Cloudy skies throughout the day with a chance of rain throughout the day.,rain,,fcst
2024-12-09,1733677200,30.2,26.2,27.5,33.8,26.2,29.6,23.0,76.6,14.2,80.6,33.33,['rain'],0.0,0.0,15.1,17.6,303.1,1006.8,100.0,17.4,146.0,12.6,7.0,10.0,05:31:06,1733697066,17:59:17,1733741957,0.28,"Rain, Overcast",Cloudy skies throughout the day with a chance of rain throughout the day.,rain,,fcst
2024-12-10,1733763600,28.0,25.0,26.1,30.9,25.0,26.7,22.9,83.0,20.3,67.7,33.33,['rain'],0.0,0.0,14.0,10.1,287.3,1006.6,99.9,15.3,78.6,6.8,3.0,10.0,05:31:30,1733783490,17:59:47,1733828387,0.32,"Rain, Overcast",Cloudy skies throughout the day with a chance of rain throughout the day.,rain,,fcst
2024-12-11,1733850000,26.7,24.2,25.3,26.7,24.2,25.3,22.6,85.1,12.5,58.1,29.17,['rain'],0.0,0.0,37.4,19.4,238.9,1006.1,100.0,19.5,42.5,3.8,1.0,10.0,05:31:55,1733869915,18:00:17,1733914817,0.35,"Rain, Overcast",Cloudy skies throughout the day with a chance of rain throughout the day.,rain,,fcst
2024-12-12,1733936400,27.8,25.2,26.1,30.6,25.2,26.9,22.6,81.0,3.8,61.3,29.17,['rain'],0.0,0.0,43.6,24.8,237.3,1005.8,100.0,22.0,71.5,6.0,3.0,10.0,05:32:20,1733956340,18:00:48,1734001248,0.39,"Rain, Overcast",Cloudy skies throughout the day with a chance of rain throughout the day.,rain,,fcst
2024-12-13,1734022800,26.5,24.0,25.1,26.5,24.0,25.1,22.8,87.6,38.4,54.8,29.17,['rain'],0.0,0.0,41.0,20.9,238.6,1006.1,100.0,15.8,63.5,5.6,2.0,10.0,05:32:46,1734042766,18:01:18,1734087678,0.42,"Rain, Overcast",Cloudy skies throughout the day with a chance of rain throughout the day.,rain,,fcst
2024-12-14,1734109200,27.1,24.3,25.2,29.6,24.3,25.3,22.5,85.2,4.5,67.7,25.0,['rain'],0.0,0.0,45.0,25.2,257.9,1006.1,98.6,20.2,98.6,8.4,6.0,10.0,05:33:13,1734129193,18:01:49,1734174109,0.46,"Rain, Overcast",Cloudy skies throughout the day with a chance of rain.,rain,,fcst
2024-12-15,1734195600,26.4,23.9,24.9,26.4,23.9,24.9,22.9,88.7,16.7,58.1,33.33,['rain'],0.0,0.0,35.3,19.1,260.0,1006.5,98.8,20.9,64.3,5.7,4.0,10.0,05:33:40,1734215620,18:02:19,1734260539,0.5,"Rain, Overcast",Cloudy skies throughout the day with a chance of rain throughout the day.,rain,,fcst
2024-12-16,1734282000,27.0,24.3,25.4,29.6,24.3,25.6,22.9,85.8,7.4,58.1,33.33,['rain'],0.0,0.0,41.8,20.5,259.9,1006.8,98.3,20.3,107.1,9.2,5.0,10.0,05:34:07,1734302047,18:02:49,1734346969,0.53,"Rain, Overcast",Cloudy skies throughout the day with a chance of rain throughout the day.,rain,,fcst
2024-12-17,1734368400,28.9,24.6,26.4,32.3,24.6,27.5,23.0,81.7,8.7,58.1,33.33,['rain'],0.0,0.0,34.2,20.5,257.7,1006.8,100.0,20.2,136.0,11.7,5.0,10.0,05:34:35,1734388475,18:03:20,1734433400,0.56,"Rain, Overcast",Cloudy skies throughout the day with a chance of rain throughout the day.,rain,,fcst
2024-12-03,1733158800,27.3,25.0,26.3,29.7,25.0,27.0,22.4,79.4,9.1,87.1,54.17,['rain'],0.0,0.0,47.2,26.6,236.8,1008.7,100.0,20.7,52.7,3.4,2.0,10.0,05:28:55,1733178535,17:56:22,1733223382,0.07,"Rain, Overcast",Cloudy skies throughout the day with a chance of rain.,rain,,fcst
2024-12-04,1733245200,27.8,24.7,26.1,30.6,24.7,27.0,22.6,81.3,10.3,83.9,62.5,['rain'],0.0,0.0,38.5,19.4,238.2,1007.9,99.9,20.6,39.6,3.3,2.0,10.0,05:29:15,1733264955,17:56:51,1733309811,0.1,"Rain, Overcast",Cloudy skies throughout the day with a chance of rain.,rain,,fcst
2024-12-05,1733331600,29.2,24.9,27.0,32.1,24.9,28.6,22.5,77.2,4.6,87.1,37.5,['rain'],0.0,0.0,15.8,11.5,286.8,1007.1,100.0,21.5,123.4,10.6,7.0,10.0,05:29:36,1733351376,17:57:19,1733396239,0.14,"Rain, Overcast",Cloudy skies throughout the day with rain clearing later.,rain,,fcst
2024-12-06,1733418000,30.8,25.5,27.5,34.0,25.5,29.3,22.5,74.7,12.4,87.1,66.67,['rain'],0.0,0.0,15.8,14.8,46.9,1006.6,95.9,17.6,146.9,12.8,7.0,10.0,05:29:57,1733437797,17:57:49,1733482669,0.18,"Rain, Overcast",Cloudy skies throughout the day with a chance of rain throughout the day.,rain,,fcst
2024-12-07,1733504400,29.4,24.6,26.7,33.0,24.6,28.2,22.8,79.9,11.0,67.7,50.0,['rain'],0.0,0.0,14.8,11.5,69.3,1006.5,97.0,18.8,159.4,13.7,6.0,10.0,05:30:20,1733524220,17:58:18,1733569098,0.21,"Rain, Overcast",Cloudy skies throughout the day with a chance of rain.,rain,,fcst
2024-12-08,1733590800,29.1,24.8,26.8,32.6,24.8,28.5,23.3,81.3,19.0,71.0,33.33,['rain'],0.0,0.0,11.5,9.4,282.7,1007.0,96.8,15.1,125.1,11.4,5.0,10.0,05:30:42,1733610642,17:58:47,1733655527,0.25,"Rain, Overcast",Cloudy skies throughout the day with a chance of rain throughout the day.,rain,,fcst
2024-12-09,1733677200,30.2,26.2,27.5,33.8,26.2,29.6,23.0,76.6,14.2,80.6,33.33,['rain'],0.0,0.0,15.1,17.6,303.1,1006.8,100.0,17.4,146.0,12.6,7.0,10.0,05:31:06,1733697066,17:59:17,1733741957,0.28,"Rain, Overcast",Cloudy skies throughout the day with a chance of rain throughout the day.,rain,,fcst
2024-12-10,1733763600,28.0,25.0,26.1,30.9,25.0,26.7,22.9,83.0,20.3,67.7,33.33,['rain'],0.0,0.0,14.0,10.1,287.3,1006.6,99.9,15.3,78.6,6.8,3.0,10.0,05:31:30,1733783490,17:59:47,1733828387,0.32,"Rain, Overcast",Cloudy skies throughout the day with a chance of rain throughout the day.,rain,,fcst
2024-12-11,1733850000,26.7,24.2,25.3,26.7,24.2,25.3,22.6,85.1,12.5,58.1,29.17,['rain'],0.0,0.0,37.4,19.4,238.9,1006.1,100.0,19.5,42.5,3.8,1.0,10.0,05:31:55,1733869915,18:00:17,1733914817,0.35,"Rain, Overcast",Cloudy skies throughout the day with a chance of rain throughout the day.,rain,,fcst
2024-12-12,1733936400,27.8,25.2,26.1,30.6,25.2,26.9,22.6,81.0,3.8,61.3,29.17,['rain'],0.0,0.0,43.6,24.8,237.3,1005.8,100.0,22.0,71.5,6.0,3.0,10.0,05:32:20,1733956340,18:00:48,1734001248,0.39,"Rain, Overcast",Cloudy skies throughout the day with a chance of rain throughout the day.,rain,,fcst
2024-12-13,1734022800,26.5,24.0,25.1,26.5,24.0,25.1,22.8,87.6,38.4,54.8,29.17,['rain'],0.0,0.0,41.0,20.9,238.6,1006.1,100.0,15.8,63.5,5.6,2.0,10.0,05:32:46,1734042766,18:01:18,1734087678,0.42,"Rain, Overcast",Cloudy skies throughout the day with a chance of rain throughout the day.,rain,,fcst
2024-12-14,1734109200,27.1,24.3,25.2,29.6,24.3,25.3,22.5,85.2,4.5,67.7,25.0,['rain'],0.0,0.0,45.0,25.2,257.9,1006.1,98.6,20.2,98.6,8.4,6.0,10.0,05:33:13,1734129193,18:01:49,1734174109,0.46,"Rain, Overcast",Cloudy skies throughout the day with a chance of rain.,rain,,fcst
2024-12-15,1734195600,26.4,23.9,24.9,26.4,23.9,24.9,22.9,88.7,16.7,58.1,33.33,['rain'],0.0,0.0,35.3,19.1,260.0,1006.5,98.8,20.9,64.3,5.7,4.0,10.0,05:33:40,1734215620,18:02:19,1734260539,0.5,"Rain, Overcast",Cloudy skies throughout the day with a chance of rain throughout the day.,rain,,fcst
2024-12-16,1734282000,27.0,24.3,25.4,29.6,24.3,25.6,22.9,85.8,7.4,58.1,33.33,['rain'],0.0,0.0,41.8,20.5,259.9,1006.8,98.3,20.3,107.1,9.2,5.0,10.0,05:34:07,1734302047,18:02:49,1734346969,0.53,"Rain, Overcast",Cloudy skies throughout the day with a chance of rain throughout the day.,rain,,fcst
2024-12-17,1734368400,28.9,24.6,26.4,32.3,24.6,27.5,23.0,81.7,8.7,58.1,33.33,['rain'],0.0,0.0,34.2,20.5,257.7,1006.8,100.0,20.2,136.0,11.7,5.0,10.0,05:34:35,1734388475,18:03:20,1734433400,0.56,"Rain, Overcast",Cloudy skies throughout the day with a chance of rain throughout the day.,rain,,fcst
2024-12-03,1733158800,27.3,25.0,26.2,29.7,25.0,27.1,22.4,79.7,9.0,87.1,50.0,['rain'],0.0,0.0,47.2,26.6,237.8,1008.8,100.0,20.3,57.4,3.3,2.0,10.0,05:28:55,1733178535,17:56:22,1733223382,0.07,"Rain, Overcast",Cloudy skies throughout the day with a chance of rain.,rain,,fcst
2024-12-04,1733245200,27.8,24.7,26.1,30.6,24.7,27.0,22.6,81.3,10.3,83.9,62.5,['rain'],0.0,0.0,38.5,19.4,238.2,1007.9,99.9,20.6,39.6,3.3,2.0,10.0,05:29:15,1733264955,17:56:51,1733309811,0.1,"Rain, Overcast",Cloudy skies throughout the day with a chance of rain.,rain,,fcst
2024-12-05,1733331600,29.2,24.9,27.0,32.1,24.9,28.6,22.5,77.2,4.6,87.1,37.5,['rain'],0.0,0.0,15.8,11.5,286.8,1007.1,100.0,21.5,123.4,10.6,7.0,10.0,05:29:36,1733351376,17:57:19,1733396239,0.14,"Rain, Overcast",Cloudy skies throughout the day with rain clearing later.,rain,,fcst
2024-12-06,1733418000,30.8,25.5,27.5,34.0,25.5,29.3,22.5,74.7,12.4,87.1,66.67,['rain'],0.0,0.0,15.8,14.8,46.9,1006.6,95.9,17.6,146.9,12.8,7.0,10.0,05:29:57,1733437797,17:57:49,1733482669,0.18,"Rain, Overcast",Cloudy skies throughout the day with a chance of rain throughout the day.,rain,,fcst
2024-12-07,1733504400,29.4,24.6,26.7,33.0,24.6,28.2,22.8,79.9,11.0,67.7,50.0,['rain'],0.0,0.0,14.8,11.5,69.3,1006.5,97.0,18.8,159.4,13.7,6.0,10.0,05:30:20,1733524220,17:58:18,1733569098,0.21,"Rain, Overcast",Cloudy skies throughout the day with a chance of rain.,rain,,fcst
2024-12-08,1733590800,29.1,24.8,26.8,32.6,24.8,28.5,23.3,81.3,19.0,71.0,33.33,['rain'],0.0,0.0,11.5,9.4,282.7,1007.0,96.8,15.1,125.1,11.4,5.0,10.0,05:30:42,1733610642,17:58:47,1733655527,0.25,"Rain, Overcast",Cloudy skies throughout the day with a chance of rain throughout the day.,rain,,fcst
2024-12-09,1733677200,30.2,26.2,27.5,33.8,26.2,29.6,23.0,76.6,14.2,80.6,33.33,['rain'],0.0,0.0,15.1,17.6,303.1,1006.8,100.0,17.4,146.0,12.6,7.0,10.0,05:31:06,1733697066,17:59:17,1733741957,0.28,"Rain, Overcast",Cloudy skies throughout the day with a chance of rain throughout the day.,rain,,fcst
2024-12-10,1733763600,28.0,25.0,26.1,30.9,25.0,26.7,22.9,83.0,20.3,67.7,33.33,['rain'],0.0,0.0,14.0,10.1,287.3,1006.6,99.9,15.3,78.6,6.8,3.0,10.0,05:31:30,1733783490,17:59:47,1733828387,0.32,"Rain, Overcast",Cloudy skies throughout the day with a chance of rain throughout the day.,rain,,fcst
2024-12-11,1733850000,26.7,24.2,25.3,26.7,24.2,25.3,22.6,85.1,12.5,58.1,29.17,['rain'],0.0,0.0,37.4,19.4,238.9,1006.1,100.0,19.5,42.5,3.8,1.0,10.0,05:31:55,1733869915,18:00:17,1733914817,0.35,"Rain, Overcast",Cloudy skies throughout the day with a chance of rain throughout the day.,rain,,fcst
2024-12-12,1733936400,27.8,25.2,26.1,30.6,25.2,26.9,22.6,81.0,3.8,61.3,29.17,['rain'],0.0,0.0,43.6,24.8,237.3,1005.8,100.0,22.0,71.5,6.0,3.0,10.0,05:32:20,1733956340,18:00:48,1734001248,0.39,"Rain, Overcast",Cloudy skies throughout the day with a chance of rain throughout the day.,rain,,fcst
2024-12-13,1734022800,26.5,24.0,25.1,26.5,24.0,25.1,22.8,87.6,38.4,54.8,29.17,['rain'],0.0,0.0,41.0,20.9,238.6,1006.1,100.0,15.8,63.5,5.6,2.0,10.0,05:32:46,1734042766,18:01:18,1734087678,0.42,"Rain, Overcast",Cloudy skies throughout the day with a chance of rain throughout the day.,rain,,fcst
2024-12-14,1734109200,27.1,24.3,25.2,29.6,24.3,25.3,22.5,85.2,4.5,67.7,25.0,['rain'],0.0,0.0,45.0,25.2,257.9,1006.1,98.6,20.2,98.6,8.4,6.0,10.0,05:33:13,1734129193,18:01:49,1734174109,0.46,"Rain, Overcast",Cloudy skies throughout the day with a chance of rain.,rain,,fcst
2024-12-15,1734195600,26.4,23.9,24.9,26.4,23.9,24.9,22.9,88.7,16.7,58.1,33.33,['rain'],0.0,0.0,35.3,19.1,260.0,1006.5,98.8,20.9,64.3,5.7,4.0,10.0,05:33:40,1734215620,18:02:19,1734260539,0.5,"Rain, Overcast",Cloudy skies throughout the day with a chance of rain throughout the day.,rain,,fcst
2024-12-16,1734282000,27.0,24.3,25.4,29.6,24.3,25.6,22.9,85.8,7.4,58.1,33.33,['rain'],0.0,0.0,41.8,20.5,259.9,1006.8,98.3,20.3,107.1,9.2,5.0,10.0,05:34:07,1734302047,18:02:49,1734346969,0.53,"Rain, Overcast",Cloudy skies throughout the day with a chance of rain throughout the day.,rain,,fcst
2024-12-17,1734368400,28.9,24.6,26.4,32.3,24.6,27.5,23.0,81.7,8.7,58.1,33.33,['rain'],0.0,0.0,34.2,20.5,257.7,1006.8,100.0,20.2,136.0,11.7,5.0,10.0,05:34:35,1734388475,18:03:20,1734433400,0.56,"Rain, Overcast",Cloudy skies throughout the day with a chance of rain throughout the day.,rain,,fcst
2024-12-03,1733158800,27.5,24.9,25.8,30.2,24.9,26.0,22.8,83.4,11.8,87.1,33.33,['rain'],0.0,0.0,46.4,26.3,241.9,1008.8,100.0,20.6,42.8,2.3,3.0,10.0,05:28:55,1733178535,17:56:22,1733223382,0.07,"Rain, Overcast",Cloudy skies throughout the day with a chance of rain.,rain,,fcst
2024-12-04,1733245200,28.2,24.5,26.4,30.9,24.5,27.5,22.1,77.5,2.8,83.9,25.0,['rain'],0.0,0.0,37.8,21.2,236.4,1007.9,97.6,23.5,60.0,5.3,2.0,10.0,05:29:15,1733264955,17:56:51,1733309811,0.1,"Rain, Overcast",Cloudy skies throughout the day with a chance of rain.,rain,,fcst
2024-12-05,1733331600,27.8,24.5,26.2,30.6,24.5,27.0,22.3,79.3,6.3,87.1,58.33,['rain'],0.0,0.0,28.8,13.0,280.5,1007.2,99.5,21.4,47.1,3.9,2.0,10.0,05:29:36,1733351376,17:57:19,1733396239,0.14,"Rain, Overcast",Cloudy skies throughout the day with a chance of rain throughout the day.,rain,,fcst
2024-12-06,1733418000,26.4,24.7,25.5,26.4,24.7,25.5,22.2,82.3,2.3,87.1,54.17,['rain'],0.0,0.0,8.3,7.6,124.0,1007.3,100.0,23.9,52.0,4.5,2.0,10.0,05:29:57,1733437797,17:57:49,1733482669,0.18,"Rain, Overcast",Cloudy skies throughout the day with a chance of rain throughout the day.,rain,,fcst
2024-12-07,1733504400,30.9,25.0,27.7,34.8,25.0,29.8,22.4,73.6,9.5,67.7,62.5,['rain'],0.0,0.0,15.8,16.2,53.7,1006.4,89.9,17.8,278.9,24.1,9.0,10.0,05:30:20,1733524220,17:58:18,1733569098,0.21,"Rain, Partially cloudy",Partly cloudy throughout the day with a chance of rain.,rain,,fcst
2024-12-08,1733590800,29.7,25.2,27.1,33.2,25.2,28.9,23.2,79.9,25.7,71.0,37.5,['rain'],0.0,0.0,15.8,11.5,84.9,1007.0,98.0,13.5,169.1,14.7,6.0,10.0,05:30:42,1733610642,17:58:47,1733655527,0.25,"Rain, Overcast",Cloudy skies throughout the day with a chance of rain throughout the day.,rain,,fcst
2024-12-09,1733677200,26.6,24.5,25.1,26.6,24.5,25.1,22.8,87.3,21.1,80.6,33.33,['rain'],0.0,0.0,28.1,11.9,256.8,1007.5,100.0,16.2,27.0,2.1,1.0,10.0,05:31:06,1733697066,17:59:17,1733741957,0.28,"Rain, Overcast",Cloudy skies throughout the day with a chance of rain throughout the day.,rain,,fcst
2024-12-10,1733763600,28.9,24.7,26.4,32.3,24.7,27.6,22.8,81.2,7.7,67.7,25.0,['rain'],0.0,0.0,28.1,15.5,264.7,1006.5,94.8,19.9,128.5,11.0,5.0,10.0,05:31:30,1733783490,17:59:47,1733828387,0.32,"Rain, Overcast",Cloudy skies throughout the day with a chance of rain throughout the day.,rain,,fcst
2024-12-11,1733850000,26.7,24.9,25.5,26.7,24.9,25.5,23.0,85.9,18.5,58.1,33.33,['rain'],0.0,0.0,34.2,18.0,262.2,1005.6,100.0,17.6,39.5,3.6,2.0,10.0,05:31:55,1733869915,18:00:17,1733914817,0.35,"Rain, Overcast",Cloudy skies throughout the day with a chance of rain throughout the day.,rain,,fcst
2024-12-12,1733936400,28.4,24.8,26.5,31.0,24.8,27.6,22.6,79.7,4.5,61.3,16.67,['rain'],0.0,0.0,44.3,25.6,249.1,1005.4,97.2,20.2,161.0,14.1,6.0,10.0,05:32:20,1733956340,18:00:48,1734001248,0.39,"Rain, Overcast",Cloudy skies throughout the day with a chance of rain.,rain,,fcst
2024-12-13,1734022800,26.6,23.9,25.3,26.6,23.9,25.3,23.1,87.4,20.2,54.8,33.33,['rain'],0.0,0.0,40.0,19.8,237.9,1005.9,99.5,18.8,45.4,3.9,1.0,10.0,05:32:46,1734042766,18:01:18,1734087678,0.42,"Rain, Overcast",Cloudy skies throughout the day with a chance of rain throughout the day.,rain,,fcst
2024-12-14,1734109200,29.2,23.5,25.7,32.0,23.5,26.3,22.5,82.9,27.5,67.7,20.83,['rain'],0.0,0.0,35.3,16.3,241.8,1006.7,94.8,19.7,120.8,10.5,7.0,10.0,05:33:13,1734129193,18:01:49,1734174109,0.46,"Rain, Overcast",Cloudy skies throughout the day with a chance of rain.,rain,,fcst
2024-12-15,1734195600,29.6,25.2,27.3,32.8,25.2,29.1,22.3,74.4,7.7,58.1,29.17,['rain'],0.0,0.0,39.2,23.4,256.7,1007.8,99.2,20.7,173.8,15.3,7.0,10.0,05:33:40,1734215620,18:02:19,1734260539,0.5,"Rain, Overcast",Cloudy skies throughout the day with a chance of rain throughout the day.,rain,,fcst
2024-12-16,1734282000,26.4,24.0,25.2,26.4,24.0,25.2,22.8,87.0,32.1,58.1,33.33,['rain'],0.0,0.0,40.7,18.4,250.2,1007.9,99.7,15.2,19.0,1.5,1.0,10.0,05:34:07,1734302047,18:02:49,1734346969,0.53,"Rain, Overcast",Cloudy skies throughout the day with a chance of rain throughout the day.,rain,,fcst
2024-12-17,1734368400,27.6,23.6,25.0,30.6,23.6,25.2,22.4,85.5,32.1,58.1,33.33,['rain'],0.0,0.0,46.8,22.0,243.9,1007.6,99.9,19.3,59.3,5.1,3.0,10.0,05:34:35,1734388475,18:03:20,1734433400,0.56,"Rain, Overcast",Cloudy skies throughout the day with a chance of rain throughout the day.,rain,,fcst
2024-12-03,1733158800,26.2,24.9,25.7,26.2,24.9,25.7,22.8,84.0,11.0,93.5,29.17,['rain'],0.0,0.0,46.4,26.3,243.2,1008.7,100.0,20.6,22.4,1.2,1.0,10.0,05:28:55,1733178535,17:56:22,1733223382,0.07,"Rain, Overcast",Cloudy skies throughout the day with rain.,rain,,fcst
2024-12-04,1733245200,28.2,24.5,26.4,30.9,24.5,27.5,22.1,77.5,2.8,83.9,25.0,['rain'],0.0,0.0,37.8,21.2,236.4,1007.9,97.6,23.5,60.0,5.3,2.0,10.0,05:29:15,1733264955,17:56:51,1733309811,0.1,"Rain, Overcast",Cloudy skies throughout the day with a chance of rain.,rain,,fcst
2024-12-05,1733331600,27.8,24.5,26.2,30.6,24.5,27.0,22.3,79.3,6.3,71.0,58.33,['rain'],0.0,0.0,28.8,13.0,280.5,1007.2,99.5,21.4,47.1,3.9,2.0,10.0,05:29:36,1733351376,17:57:19,1733396239,0.14,"Rain, Overcast",Cloudy skies throughout the day with a chance of rain throughout the day.,rain,,fcst
2024-12-06,1733418000,26.4,24.7,25.5,26.4,24.7,25.5,22.2,82.3,2.3,80.6,54.17,['rain'],0.0,0.0,8.3,7.6,124.0,1007.3,100.0,23.9,52.0,4.5,2.0,10.0,05:29:57,1733437797,17:57:49,1733482669,0.18,"Rain, Overcast",Cloudy skies throughout the day with a chance of rain throughout the day.,rain,,fcst
2024-12-07,1733504400,30.9,25.0,27.7,34.8,25.0,29.8,22.4,73.6,9.5,80.6,62.5,['rain'],0.0,0.0,15.8,16.2,53.7,1006.4,89.9,17.8,278.9,24.1,9.0,10.0,05:30:20,1733524220,17:58:18,1733569098,0.21,"Rain, Partially cloudy",Partly cloudy throughout the day with a chance of rain.,rain,,fcst
2024-12-08,1733590800,29.7,25.2,27.1,33.2,25.2,28.9,23.2,79.9,25.7,83.9,37.5,['rain'],0.0,0.0,15.8,11.5,84.9,1007.0,98.0,13.5,169.1,14.7,6.0,10.0,05:30:42,1733610642,17:58:47,1733655527,0.25,"Rain, Overcast",Cloudy skies throughout the day with a chance of rain throughout the day.,rain,,fcst
2024-12-09,1733677200,26.6,24.5,25.1,26.6,24.5,25.1,22.8,87.3,21.1,61.3,33.33,['rain'],0.0,0.0,28.1,11.9,256.8,1007.5,100.0,16.2,27.0,2.1,1.0,10.0,05:31:06,1733697066,17:59:17,1733741957,0.28,"Rain, Overcast",Cloudy skies throughout the day with a chance of rain throughout the day.,rain,,fcst
2024-12-10,1733763600,28.9,24.7,26.4,32.3,24.7,27.6,22.8,81.2,7.7,58.1,25.0,['rain'],0.0,0.0,28.1,15.5,264.7,1006.5,94.8,19.9,128.5,11.0,5.0,10.0,05:31:30,1733783490,17:59:47,1733828387,0.32,"Rain, Overcast",Cloudy skies throughout the day with early morning rain.,rain,,fcst
2024-12-11,1733850000,26.7,24.9,25.5,26.7,24.9,25.5,23.0,85.9,18.5,51.6,33.33,['rain'],0.0,0.0,34.2,18.0,262.2,1005.6,100.0,17.6,39.5,3.6,2.0,10.0,05:31:55,1733869915,18:00:17,1733914817,0.35,"Rain, Overcast",Cloudy skies throughout the day with rain clearing later.,rain,,fcst
2024-12-12,1733936400,28.4,24.8,26.5,31.0,24.8,27.6,22.6,79.7,4.5,48.4,16.67,['rain'],0.0,0.0,44.3,25.6,249.1,1005.4,97.2,20.2,161.0,14.1,6.0,10.0,05:32:20,1733956340,18:00:48,1734001248,0.39,"Rain, Overcast",Cloudy skies throughout the day with early morning rain.,rain,,fcst
2024-12-13,1734022800,26.6,23.9,25.3,26.6,23.9,25.3,23.1,87.4,20.2,58.1,33.33,['rain'],0.0,0.0,40.0,19.8,237.9,1005.9,99.5,18.8,45.4,3.9,1.0,10.0,05:32:46,1734042766,18:01:18,1734087678,0.42,"Rain, Overcast",Cloudy skies throughout the day with a chance of rain throughout the day.,rain,,fcst
2024-12-14,1734109200,29.2,23.5,25.7,32.0,23.5,26.3,22.5,82.9,27.5,61.3,20.83,['rain'],0.0,0.0,35.3,16.3,241.8,1006.7,94.8,19.7,120.8,10.5,7.0,10.0,05:33:13,1734129193,18:01:49,1734174109,0.46,"Rain, Overcast",Cloudy skies throughout the day with a chance of rain.,rain,,fcst
2024-12-15,1734195600,29.6,25.2,27.3,32.8,25.2,29.1,22.3,74.4,7.7,61.3,29.17,['rain'],0.0,0.0,39.2,23.4,256.7,1007.8,99.2,20.7,173.8,15.3,7.0,10.0,05:33:40,1734215620,18:02:19,1734260539,0.5,"Rain, Overcast",Cloudy skies throughout the day with a chance of rain throughout the day.,rain,,fcst
2024-12-16,1734282000,26.4,24.0,25.2,26.4,24.0,25.2,22.8,87.0,32.1,67.7,33.33,['rain'],0.0,0.0,40.7,18.4,250.2,1007.9,99.7,15.2,19.0,1.5,1.0,10.0,05:34:07,1734302047,18:02:49,1734346969,0.53,"Rain, Overcast",Cloudy skies throughout the day with a chance of rain throughout the day.,rain,,fcst
2024-12-17,1734368400,27.6,23.6,25.0,30.6,23.6,25.2,22.4,85.5,32.1,54.8,33.33,['rain'],0.0,0.0,46.8,22.0,243.9,1007.6,99.9,19.3,59.3,5.1,3.0,10.0,05:34:35,1734388475,18:03:20,1734433400,0.56,"Rain, Overcast",Cloudy skies throughout the day with a chance of rain throughout the day.,rain,,fcst
2024-12-03,1733158800,26.2,24.9,25.7,26.2,24.9,25.7,22.7,83.6,7.5,93.5,25.0,['rain'],0.0,0.0,46.4,26.3,244.7,1008.6,100.0,22.0,20.2,1.0,1.0,10.0,05:28:55,1733178535,17:56:22,1733223382,0.07,"Rain, Overcast",Cloudy skies throughout the day with rain.,rain,,fcst
2024-12-04,1733245200,28.2,24.5,26.4,30.9,24.5,27.5,22.1,77.5,2.8,83.9,25.0,['rain'],0.0,0.0,37.8,21.2,236.4,1007.9,97.6,23.5,60.0,5.3,2.0,10.0,05:29:15,1733264955,17:56:51,1733309811,0.1,"Rain, Overcast",Cloudy skies throughout the day with a chance of rain.,rain,,fcst
2024-12-05,1733331600,27.8,24.5,26.2,30.6,24.5,27.0,22.3,79.3,6.3,71.0,58.33,['rain'],0.0,0.0,28.8,13.0,280.5,1007.2,99.5,21.4,47.1,3.9,2.0,10.0,05:29:36,1733351376,17:57:19,1733396239,0.14,"Rain, Overcast",Cloudy skies throughout the day with a chance of rain throughout the day.,rain,,fcst
2024-12-06,1733418000,26.4,24.7,25.5,26.4,24.7,25.5,22.2,82.3,2.3,80.6,54.17,['rain'],0.0,0.0,8.3,7.6,124.0,1007.3,100.0,23.9,52.0,4.5,2.0,10.0,05:29:57,1733437797,17:57:49,1733482669,0.18,"Rain, Overcast",Cloudy skies throughout the day with a chance of rain throughout the day.,rain,,fcst
2024-12-07,1733504400,30.9,25.0,27.7,34.8,25.0,29.8,22.4,73.6,9.5,80.6,62.5,['rain'],0.0,0.0,15.8,16.2,53.7,1006.4,89.9,17.8,278.9,24.1,9.0,10.0,05:30:20,1733524220,17:58:18,1733569098,0.21,"Rain, Partially cloudy",Partly cloudy throughout the day with a chance of rain.,rain,,fcst
2024-12-08,1733590800,29.7,25.2,27.1,33.2,25.2,28.9,23.2,79.9,25.7,83.9,37.5,['rain'],0.0,0.0,15.8,11.5,84.9,1007.0,98.0,13.5,169.1,14.7,6.0,10.0,05:30:42,1733610642,17:58:47,1733655527,0.25,"Rain, Overcast",Cloudy skies throughout the day with a chance of rain throughout the day.,rain,,fcst
2024-12-09,1733677200,26.6,24.5,25.1,26.6,24.5,25.1,22.8,87.3,21.1,61.3,33.33,['rain'],0.0,0.0,28.1,11.9,256.8,1007.5,100.0,16.2,27.0,2.1,1.0,10.0,05:31:06,1733697066,17:59:17,1733741957,0.28,"Rain, Overcast",Cloudy skies throughout the day with a chance of rain throughout the day.,rain,,fcst
2024-12-10,1733763600,28.9,24.7,26.4,32.3,24.7,27.6,22.8,81.2,7.7,58.1,25.0,['rain'],0.0,0.0,28.1,15.5,264.7,1006.5,94.8,19.9,128.5,11.0,5.0,10.0,05:31:30,1733783490,17:59:47,1733828387,0.32,"Rain, Overcast",Cloudy skies throughout the day with early morning rain.,rain,,fcst
2024-12-11,1733850000,26.7,24.9,25.5,26.7,24.9,25.5,23.0,85.9,18.5,51.6,33.33,['rain'],0.0,0.0,34.2,18.0,262.2,1005.6,100.0,17.6,39.5,3.6,2.0,10.0,05:31:55,1733869915,18:00:17,1733914817,0.35,"Rain, Overcast",Cloudy skies throughout the day with rain clearing later.,rain,,fcst
2024-12-12,1733936400,28.4,24.8,26.5,31.0,24.8,27.6,22.6,79.7,4.5,48.4,16.67,['rain'],0.0,0.0,44.3,25.6,249.1,1005.4,97.2,20.2,161.0,14.1,6.0,10.0,05:32:20,1733956340,18:00:48,1734001248,0.39,"Rain, Overcast",Cloudy skies throughout the day with early morning rain.,rain,,fcst
2024-12-13,1734022800,26.6,23.9,25.3,26.6,23.9,25.3,23.1,87.4,20.2,58.1,33.33,['rain'],0.0,0.0,40.0,19.8,237.9,1005.9,99.5,18.8,45.4,3.9,1.0,10.0,05:32:46,1734042766,18:01:18,1734087678,0.42,"Rain, Overcast",Cloudy skies throughout the day with a chance of rain throughout the day.,rain,,fcst
2024-12-14,1734109200,29.2,23.5,25.7,32.0,23.5,26.3,22.5,82.9,27.5,61.3,20.83,['rain'],0.0,0.0,35.3,16.3,241.8,1006.7,94.8,19.7,120.8,10.5,7.0,10.0,05:33:13,1734129193,18:01:49,1734174109,0.46,"Rain, Overcast",Cloudy skies throughout the day with a chance of rain.,rain,,fcst
2024-12-15,1734195600,29.6,25.2,27.3,32.8,25.2,29.1,22.3,74.4,7.7,61.3,29.17,['rain'],0.0,0.0,39.2,23.4,256.7,1007.8,99.2,20.7,173.8,15.3,7.0,10.0,05:33:40,1734215620,18:02:19,1734260539,0.5,"Rain, Overcast",Cloudy skies throughout the day with a chance of rain throughout the day.,rain,,fcst
2024-12-16,1734282000,26.4,24.0,25.2,26.4,24.0,25.2,22.8,87.0,32.1,67.7,33.33,['rain'],0.0,0.0,40.7,18.4,250.2,1007.9,99.7,15.2,19.0,1.5,1.0,10.0,05:34:07,1734302047,18:02:49,1734346969,0.53,"Rain, Overcast",Cloudy skies throughout the day with a chance of rain throughout the day.,rain,,fcst
2024-12-17,1734368400,27.6,23.6,25.0,30.6,23.6,25.2,22.4,85.5,32.1,54.8,33.33,['rain'],0.0,0.0,46.8,22.0,243.9,1007.6,99.9,19.3,59.3,5.1,3.0,10.0,05:34:35,1734388475,18:03:20,1734433400,0.56,"Rain, Overcast",Cloudy skies throughout the day with a chance of rain throughout the day.,rain,,fcst
2024-12-03,1733158800,26.2,24.9,25.8,26.2,24.9,25.8,22.7,83.1,3.3,93.5,20.83,['rain'],0.0,0.0,46.4,26.3,246.0,1008.5,100.0,23.0,20.1,0.9,1.0,10.0,05:28:55,1733178535,17:56:22,1733223382,0.07,"Rain, Overcast",Cloudy skies throughout the day with rain.,rain,,fcst
2024-12-04,1733245200,28.2,24.5,26.4,30.9,24.5,27.5,22.1,77.5,2.8,83.9,25.0,['rain'],0.0,0.0,37.8,21.2,236.4,1007.9,97.6,23.5,60.0,5.3,2.0,10.0,05:29:15,1733264955,17:56:51,1733309811,0.1,"Rain, Overcast",Cloudy skies throughout the day with a chance of rain.,rain,,fcst
2024-12-05,1733331600,27.8,24.5,26.2,30.6,24.5,27.0,22.3,79.3,6.3,71.0,58.33,['rain'],0.0,0.0,28.8,13.0,280.5,1007.2,99.5,21.4,47.1,3.9,2.0,10.0,05:29:36,1733351376,17:57:19,1733396239,0.14,"Rain, Overcast",Cloudy skies throughout the day with a chance of rain throughout the day.,rain,,fcst
2024-12-06,1733418000,26.4,24.7,25.5,26.4,24.7,25.5,22.2,82.3,2.3,80.6,54.17,['rain'],0.0,0.0,8.3,7.6,124.0,1007.3,100.0,23.9,52.0,4.5,2.0,10.0,05:29:57,1733437797,17:57:49,1733482669,0.18,"Rain, Overcast",Cloudy skies throughout the day with a chance of rain throughout the day.,rain,,fcst
2024-12-07,1733504400,30.9,25.0,27.7,34.8,25.0,29.8,22.4,73.6,9.5,80.6,62.5,['rain'],0.0,0.0,15.8,16.2,53.7,1006.4,89.9,17.8,278.9,24.1,9.0,10.0,05:30:20,1733524220,17:58:18,1733569098,0.21,"Rain, Partially cloudy",Partly cloudy throughout the day with a chance of rain.,rain,,fcst
2024-12-08,1733590800,29.7,25.2,27.1,33.2,25.2,28.9,23.2,79.9,25.7,83.9,37.5,['rain'],0.0,0.0,15.8,11.5,84.9,1007.0,98.0,13.5,169.1,14.7,6.0,10.0,05:30:42,1733610642,17:58:47,1733655527,0.25,"Rain, Overcast",Cloudy skies throughout the day with a chance of rain throughout the day.,rain,,fcst
2024-12-09,1733677200,26.6,24.5,25.1,26.6,24.5,25.1,22.8,87.3,21.1,61.3,33.33,['rain'],0.0,0.0,28.1,11.9,256.8,1007.5,100.0,16.2,27.0,2.1,1.0,10.0,05:31:06,1733697066,17:59:17,1733741957,0.28,"Rain, Overcast",Cloudy skies throughout the day with a chance of rain throughout the day.,rain,,fcst
2024-12-10,1733763600,28.9,24.7,26.4,32.3,24.7,27.6,22.8,81.2,7.7,58.1,25.0,['rain'],0.0,0.0,28.1,15.5,264.7,1006.5,94.8,19.9,128.5,11.0,5.0,10.0,05:31:30,1733783490,17:59:47,1733828387,0.32,"Rain, Overcast",Cloudy skies throughout the day with early morning rain.,rain,,fcst
2024-12-11,1733850000,26.7,24.9,25.5,26.7,24.9,25.5,23.0,85.9,18.5,51.6,33.33,['rain'],0.0,0.0,34.2,18.0,262.2,1005.6,100.0,17.6,39.5,3.6,2.0,10.0,05:31:55,1733869915,18:00:17,1733914817,0.35,"Rain, Overcast",Cloudy skies throughout the day with rain clearing later.,rain,,fcst
2024-12-12,1733936400,28.4,24.8,26.5,31.0,24.8,27.6,22.6,79.7,4.5,48.4,16.67,['rain'],0.0,0.0,44.3,25.6,249.1,1005.4,97.2,20.2,161.0,14.1,6.0,10.0,05:32:20,1733956340,18:00:48,1734001248,0.39,"Rain, Overcast",Cloudy skies throughout the day with early morning rain.,rain,,fcst
2024-12-13,1734022800,26.6,23.9,25.3,26.6,23.9,25.3,23.1,87.4,20.2,58.1,33.33,['rain'],0.0,0.0,40.0,19.8,237.9,1005.9,99.5,18.8,45.4,3.9,1.0,10.0,05:32:46,1734042766,18:01:18,1734087678,0.42,"Rain, Overcast",Cloudy skies throughout the day with a chance of rain throughout the day.,rain,,fcst
2024-12-14,1734109200,29.2,23.5,25.7,32.0,23.5,26.3,22.5,82.9,27.5,61.3,20.83,['rain'],0.0,0.0,35.3,16.3,241.8,1006.7,94.8,19.7,120.8,10.5,7.0,10.0,05:33:13,1734129193,18:01:49,1734174109,0.46,"Rain, Overcast",Cloudy skies throughout the day with a chance of rain.,rain,,fcst
2024-12-15,1734195600,29.6,25.2,27.3,32.8,25.2,29.1,22.3,74.4,7.7,61.3,29.17,['rain'],0.0,0.0,39.2,23.4,256.7,1007.8,99.2,20.7,173.8,15.3,7.0,10.0,05:33:40,1734215620,18:02:19,1734260539,0.5,"Rain, Overcast",Cloudy skies throughout the day with a chance of rain throughout the day.,rain,,fcst
2024-12-16,1734282000,26.4,24.0,25.2,26.4,24.0,25.2,22.8,87.0,32.1,67.7,33.33,['rain'],0.0,0.0,40.7,18.4,250.2,1007.9,99.7,15.2,19.0,1.5,1.0,10.0,05:34:07,1734302047,18:02:49,1734346969,0.53,"Rain, Overcast",Cloudy skies throughout the day with a chance of rain throughout the day.,rain,,fcst
2024-12-17,1734368400,27.6,23.6,25.0,30.6,23.6,25.2,22.4,85.5,32.1,54.8,33.33,['rain'],0.0,0.0,46.8,22.0,243.9,1007.6,99.9,19.3,59.3,5.1,3.0,10.0,05:34:35,1734388475,18:03:20,1734433400,0.56,"Rain, Overcast",Cloudy skies throughout the day with a chance of rain throughout the day.,rain,,fcst
2024-12-03,1733158800,26.0,25.0,25.7,26.0,25.0,25.7,22.5,83.0,4.3,93.5,29.17,['rain'],0.0,0.0,45.4,24.8,244.9,1008.6,100.0,19.9,11.9,0.4,0.0,10.0,05:28:55,1733178535,17:56:22,1733223382,0.07,"Rain, Overcast",Cloudy skies throughout the day with rain.,rain,,fcst
2024-12-04,1733245200,28.9,24.2,26.4,31.9,24.2,27.5,22.7,80.6,30.4,83.9,50.0,['rain'],0.0,0.0,43.6,24.1,242.0,1007.7,100.0,18.0,131.2,11.2,5.0,10.0,05:29:15,1733264955,17:56:51,1733309811,0.1,"Rain, Overcast",Cloudy skies throughout the day with a chance of rain throughout the day.,rain,,fcst
2024-12-05,1733331600,29.3,25.7,27.2,32.3,25.7,28.6,22.4,75.4,3.8,71.0,33.33,['rain'],0.0,0.0,31.3,16.2,276.0,1006.6,99.2,23.3,74.7,6.5,6.0,10.0,05:29:36,1733351376,17:57:19,1733396239,0.14,"Rain, Overcast",Cloudy skies throughout the day with a chance of rain.,rain,,fcst
2024-12-06,1733418000,27.0,24.8,25.8,29.4,24.8,25.9,23.0,84.9,14.2,80.6,95.83,['rain'],0.0,0.0,15.8,10.1,103.9,1007.0,97.1,18.3,58.5,5.2,3.0,10.0,05:29:57,1733437797,17:57:49,1733482669,0.18,"Rain, Overcast",Cloudy skies throughout the day with a chance of rain throughout the day.,rain,,fcst
2024-12-07,1733504400,30.4,24.2,27.1,33.9,24.2,29.0,22.7,77.5,13.4,80.6,70.83,['rain'],0.0,0.0,17.3,15.5,60.1,1006.8,89.0,18.8,268.2,23.0,9.0,10.0,05:30:20,1733524220,17:58:18,1733569098,0.21,"Rain, Partially cloudy",Partly cloudy throughout the day with a chance of rain throughout the day.,rain,,fcst
2024-12-08,1733590800,30.9,26.3,28.0,34.8,26.3,30.4,22.8,73.8,12.7,83.9,50.0,['rain'],0.0,0.0,16.9,11.5,38.0,1007.0,90.2,13.9,206.9,17.8,8.0,10.0,05:30:42,1733610642,17:58:47,1733655527,0.25,"Rain, Overcast",Cloudy skies throughout the day with a chance of rain throughout the day.,rain,,fcst
2024-12-09,1733677200,27.5,25.3,26.4,30.2,25.3,27.5,23.0,81.8,17.4,61.3,33.33,['rain'],0.0,0.0,34.6,21.6,263.7,1007.0,96.5,19.5,54.3,4.8,2.0,10.0,05:31:06,1733697066,17:59:17,1733741957,0.28,"Rain, Overcast",Cloudy skies throughout the day with a chance of rain throughout the day.,rain,,fcst
2024-12-10,1733763600,28.6,25.0,26.1,31.9,25.0,27.0,23.1,83.4,9.2,58.1,25.0,['rain'],0.0,0.0,29.6,16.6,257.4,1006.1,99.6,20.9,67.0,5.9,3.0,10.0,05:31:30,1733783490,17:59:47,1733828387,0.32,"Rain, Overcast",Cloudy skies throughout the day with early morning rain.,rain,,fcst
2024-12-11,1733850000,26.1,24.7,25.4,26.1,24.7,25.4,22.6,84.7,6.3,51.6,33.33,['rain'],0.0,0.0,37.8,17.3,227.6,1006.4,100.0,22.1,23.4,2.1,1.0,10.0,05:31:55,1733869915,18:00:17,1733914817,0.35,"Rain, Overcast",Cloudy skies throughout the day with rain clearing later.,rain,,fcst
2024-12-12,1733936400,25.1,23.8,24.5,25.1,23.8,24.5,22.7,89.4,31.2,48.4,25.0,['rain'],0.0,0.0,36.0,19.4,237.2,1006.3,99.1,17.0,26.3,2.6,1.0,10.0,05:32:20,1733956340,18:00:48,1734001248,0.39,"Rain, Overcast",Cloudy skies throughout the day with rain clearing later.,rain,,fcst
2024-12-13,1734022800,27.1,23.7,25.7,29.5,23.7,26.4,22.4,82.3,8.9,58.1,20.83,['rain'],0.0,0.0,41.4,26.3,245.6,1006.3,96.3,21.4,104.4,9.3,4.0,10.0,05:32:46,1734042766,18:01:18,1734087678,0.42,"Rain, Overcast",Cloudy skies throughout the day with a chance of rain.,rain,,fcst
2024-12-14,1734109200,29.0,23.5,26.1,32.2,23.5,27.3,22.3,80.3,26.0,61.3,20.83,['rain'],0.0,0.0,39.2,24.5,258.7,1005.7,99.4,21.4,192.0,16.5,7.0,10.0,05:33:13,1734129193,18:01:49,1734174109,0.46,"Rain, Overcast",Cloudy skies throughout the day with a chance of rain.,rain,,fcst
2024-12-15,1734195600,29.7,25.7,27.3,33.4,25.7,29.0,22.8,76.6,9.0,61.3,33.33,['rain'],0.0,0.0,29.0,18.7,263.1,1006.0,99.7,20.2,183.3,15.9,6.0,10.0,05:33:40,1734215620,18:02:19,1734260539,0.5,"Rain, Overcast",Cloudy skies throughout the day with a chance of rain throughout the day.,rain,,fcst
2024-12-16,1734282000,30.5,25.9,27.6,34.6,25.9,29.7,22.8,75.7,7.0,67.7,33.33,['rain'],0.0,0.0,34.0,19.8,248.6,1006.0,98.7,21.5,189.0,16.5,8.0,10.0,05:34:07,1734302047,18:02:49,1734346969,0.53,"Rain, Overcast",Cloudy skies throughout the day with a chance of rain throughout the day.,rain,,fcst
2024-12-17,1734368400,29.9,26.2,27.6,33.4,26.2,29.8,22.7,74.9,6.7,54.8,29.17,['rain'],0.0,0.0,34.9,18.7,250.6,1005.6,93.9,22.8,131.5,11.4,6.0,10.0,05:34:35,1734388475,18:03:20,1734433400,0.56,"Rain, Overcast",Cloudy skies throughout the day with a chance of rain throughout the day.,rain,,fcst
2024-12-03,1733158800,26.0,25.0,25.7,26.0,25.0,25.7,22.5,82.9,3.3,93.5,25.0,['rain'],0.0,0.0,45.4,24.8,243.8,1008.7,100.0,21.1,8.7,0.3,0.0,10.0,05:28:55,1733178535,17:56:22,1733223382,0.07,"Rain, Overcast",Cloudy skies throughout the day with rain.,rain,,fcst
2024-12-04,1733245200,28.9,24.2,26.4,31.9,24.2,27.5,22.7,80.6,30.4,83.9,50.0,['rain'],0.0,0.0,43.6,24.1,242.0,1007.7,100.0,18.0,131.2,11.2,5.0,10.0,05:29:15,1733264955,17:56:51,1733309811,0.1,"Rain, Overcast",Cloudy skies throughout the day with a chance of rain throughout the day.,rain,,fcst
2024-12-05,1733331600,29.3,25.7,27.2,32.3,25.7,28.6,22.4,75.4,3.8,71.0,33.33,['rain'],0.0,0.0,31.3,16.2,276.0,1006.6,99.2,23.3,74.7,6.5,6.0,10.0,05:29:36,1733351376,17:57:19,1733396239,0.14,"Rain, Overcast",Cloudy skies throughout the day with a chance of rain.,rain,,fcst
2024-12-06,1733418000,27.0,24.8,25.8,29.4,24.8,25.9,23.0,84.9,14.2,80.6,95.83,['rain'],0.0,0.0,15.8,10.1,103.9,1007.0,97.1,18.3,58.5,5.2,3.0,10.0,05:29:57,1733437797,17:57:49,1733482669,0.18,"Rain, Overcast",Cloudy skies throughout the day with a chance of rain throughout the day.,rain,,fcst
2024-12-07,1733504400,30.4,24.2,27.1,33.9,24.2,29.0,22.7,77.5,13.4,80.6,70.83,['rain'],0.0,0.0,17.3,15.5,60.1,1006.8,89.0,18.8,268.2,23.0,9.0,10.0,05:30:20,1733524220,17:58:18,1733569098,0.21,"Rain, Partially cloudy",Partly cloudy throughout the day with a chance of rain throughout the day.,rain,,fcst
2024-12-08,1733590800,30.9,26.3,28.0,34.8,26.3,30.4,22.8,73.8,12.7,83.9,50.0,['rain'],0.0,0.0,16.9,11.5,38.0,1007.0,90.2,13.9,206.9,17.8,8.0,10.0,05:30:42,1733610642,17:58:47,1733655527,0.25,"Rain, Overcast",Cloudy skies throughout the day with a chance of rain throughout the day.,rain,,fcst
2024-12-09,1733677200,27.5,25.3,26.4,30.2,25.3,27.5,23.0,81.8,17.4,61.3,33.33,['rain'],0.0,0.0,34.6,21.6,263.7,1007.0,96.5,19.5,54.3,4.8,2.0,10.0,05:31:06,1733697066,17:59:17,1733741957,0.28,"Rain, Overcast",Cloudy skies throughout the day with a chance of rain throughout the day.,rain,,fcst
2024-12-10,1733763600,28.6,25.0,26.1,31.9,25.0,27.0,23.1,83.4,9.2,58.1,25.0,['rain'],0.0,0.0,29.6,16.6,257.4,1006.1,99.6,20.9,67.0,5.9,3.0,10.0,05:31:30,1733783490,17:59:47,1733828387,0.32,"Rain, Overcast",Cloudy skies throughout the day with early morning rain.,rain,,fcst
2024-12-11,1733850000,26.1,24.7,25.4,26.1,24.7,25.4,22.6,84.7,6.3,51.6,33.33,['rain'],0.0,0.0,37.8,17.3,227.6,1006.4,100.0,22.1,23.4,2.1,1.0,10.0,05:31:55,1733869915,18:00:17,1733914817,0.35,"Rain, Overcast",Cloudy skies throughout the day with rain clearing later.,rain,,fcst
2024-12-12,1733936400,25.1,23.8,24.5,25.1,23.8,24.5,22.7,89.4,31.2,48.4,25.0,['rain'],0.0,0.0,36.0,19.4,237.2,1006.3,99.1,17.0,26.3,2.6,1.0,10.0,05:32:20,1733956340,18:00:48,1734001248,0.39,"Rain, Overcast",Cloudy skies throughout the day with rain clearing later.,rain,,fcst
2024-12-13,1734022800,27.1,23.7,25.7,29.5,23.7,26.4,22.4,82.3,8.9,58.1,20.83,['rain'],0.0,0.0,41.4,26.3,245.6,1006.3,96.3,21.4,104.4,9.3,4.0,10.0,05:32:46,1734042766,18:01:18,1734087678,0.42,"Rain, Overcast",Cloudy skies throughout the day with a chance of rain.,rain,,fcst
2024-12-14,1734109200,29.0,23.5,26.1,32.2,23.5,27.3,22.3,80.3,26.0,61.3,20.83,['rain'],0.0,0.0,39.2,24.5,258.7,1005.7,99.4,21.4,192.0,16.5,7.0,10.0,05:33:13,1734129193,18:01:49,1734174109,0.46,"Rain, Overcast",Cloudy skies throughout the day with a chance of rain.,rain,,fcst
2024-12-15,1734195600,29.7,25.7,27.3,33.4,25.7,29.0,22.8,76.6,9.0,61.3,33.33,['rain'],0.0,0.0,29.0,18.7,263.1,1006.0,99.7,20.2,183.3,15.9,6.0,10.0,05:33:40,1734215620,18:02:19,1734260539,0.5,"Rain, Overcast",Cloudy skies throughout the day with a chance of rain throughout the day.,rain,,fcst
2024-12-16,1734282000,30.5,25.9,27.6,34.6,25.9,29.7,22.8,75.7,7.0,67.7,33.33,['rain'],0.0,0.0,34.0,19.8,248.6,1006.0,98.7,21.5,189.0,16.5,8.0,10.0,05:34:07,1734302047,18:02:49,1734346969,0.53,"Rain, Overcast",Cloudy skies throughout the day with a chance of rain throughout the day.,rain,,fcst
2024-12-17,1734368400,29.9,26.2,27.6,33.4,26.2,29.8,22.7,74.9,6.7,54.8,29.17,['rain'],0.0,0.0,34.9,18.7,250.6,1005.6,93.9,22.8,131.5,11.4,6.0,10.0,05:34:35,1734388475,18:03:20,1734433400,0.56,"Rain, Overcast",Cloudy skies throughout the day with a chance of rain throughout the day.,rain,,fcst
2024-12-03,1733158800,26.0,25.4,25.7,26.0,25.4,25.7,22.5,82.4,1.5,93.5,20.83,['rain'],0.0,0.0,42.1,21.2,243.8,1008.9,100.0,22.0,6.4,0.2,0.0,10.0,05:28:55,1733178535,17:56:22,1733223382,0.07,"Rain, Overcast",Cloudy skies throughout the day with rain.,rain,,fcst
2024-12-04,1733245200,28.9,24.2,26.4,31.9,24.2,27.5,22.7,80.6,30.4,83.9,50.0,['rain'],0.0,0.0,43.6,24.1,242.0,1007.7,100.0,18.0,131.2,11.2,5.0,10.0,05:29:15,1733264955,17:56:51,1733309811,0.1,"Rain, Overcast",Cloudy skies throughout the day with a chance of rain throughout the day.,rain,,fcst
2024-12-05,1733331600,29.3,25.7,27.2,32.3,25.7,28.6,22.4,75.4,3.8,71.0,33.33,['rain'],0.0,0.0,31.3,16.2,276.0,1006.6,99.2,23.3,74.7,6.5,6.0,10.0,05:29:36,1733351376,17:57:19,1733396239,0.14,"Rain, Overcast",Cloudy skies throughout the day with a chance of rain.,rain,,fcst
2024-12-06,1733418000,27.0,24.8,25.8,29.4,24.8,25.9,23.0,84.9,14.2,80.6,95.83,['rain'],0.0,0.0,15.8,10.1,103.9,1007.0,97.1,18.3,58.5,5.2,3.0,10.0,05:29:57,1733437797,17:57:49,1733482669,0.18,"Rain, Overcast",Cloudy skies throughout the day with a chance of rain throughout the day.,rain,,fcst
2024-12-07,1733504400,30.4,24.2,27.1,33.9,24.2,29.0,22.7,77.5,13.4,80.6,70.83,['rain'],0.0,0.0,17.3,15.5,60.1,1006.8,89.0,18.8,268.2,23.0,9.0,10.0,05:30:20,1733524220,17:58:18,1733569098,0.21,"Rain, Partially cloudy",Partly cloudy throughout the day with a chance of rain throughout the day.,rain,,fcst
2024-12-08,1733590800,30.9,26.3,28.0,34.8,26.3,30.4,22.8,73.8,12.7,83.9,50.0,['rain'],0.0,0.0,16.9,11.5,38.0,1007.0,90.2,13.9,206.9,17.8,8.0,10.0,05:30:42,1733610642,17:58:47,1733655527,0.25,"Rain, Overcast",Cloudy skies throughout the day with a chance of rain throughout the day.,rain,,fcst
2024-12-09,1733677200,27.5,25.3,26.4,30.2,25.3,27.5,23.0,81.8,17.4,61.3,33.33,['rain'],0.0,0.0,34.6,21.6,263.7,1007.0,96.5,19.5,54.3,4.8,2.0,10.0,05:31:06,1733697066,17:59:17,1733741957,0.28,"Rain, Overcast",Cloudy skies throughout the day with a chance of rain throughout the day.,rain,,fcst
2024-12-10,1733763600,28.6,25.0,26.1,31.9,25.0,27.0,23.1,83.4,9.2,58.1,25.0,['rain'],0.0,0.0,29.6,16.6,257.4,1006.1,99.6,20.9,67.0,5.9,3.0,10.0,05:31:30,1733783490,17:59:47,1733828387,0.32,"Rain, Overcast",Cloudy skies throughout the day with early morning rain.,rain,,fcst
2024-12-11,1733850000,26.1,24.7,25.4,26.1,24.7,25.4,22.6,84.7,6.3,51.6,33.33,['rain'],0.0,0.0,37.8,17.3,227.6,1006.4,100.0,22.1,23.4,2.1,1.0,10.0,05:31:55,1733869915,18:00:17,1733914817,0.35,"Rain, Overcast",Cloudy skies throughout the day with rain clearing later.,rain,,fcst
2024-12-12,1733936400,25.1,23.8,24.5,25.1,23.8,24.5,22.7,89.4,31.2,48.4,25.0,['rain'],0.0,0.0,36.0,19.4,237.2,1006.3,99.1,17.0,26.3,2.6,1.0,10.0,05:32:20,1733956340,18:00:48,1734001248,0.39,"Rain, Overcast",Cloudy skies throughout the day with rain clearing later.,rain,,fcst
2024-12-13,1734022800,27.1,23.7,25.7,29.5,23.7,26.4,22.4,82.3,8.9,58.1,20.83,['rain'],0.0,0.0,41.4,26.3,245.6,1006.3,96.3,21.4,104.4,9.3,4.0,10.0,05:32:46,1734042766,18:01:18,1734087678,0.42,"Rain, Overcast",Cloudy skies throughout the day with a chance of rain.,rain,,fcst
2024-12-14,1734109200,29.0,23.5,26.1,32.2,23.5,27.3,22.3,80.3,26.0,61.3,20.83,['rain'],0.0,0.0,39.2,24.5,258.7,1005.7,99.4,21.4,192.0,16.5,7.0,10.0,05:33:13,1734129193,18:01:49,1734174109,0.46,"Rain, Overcast",Cloudy skies throughout the day with a chance of rain.,rain,,fcst
2024-12-15,1734195600,29.7,25.7,27.3,33.4,25.7,29.0,22.8,76.6,9.0,61.3,33.33,['rain'],0.0,0.0,29.0,18.7,263.1,1006.0,99.7,20.2,183.3,15.9,6.0,10.0,05:33:40,1734215620,18:02:19,1734260539,0.5,"Rain, Overcast",Cloudy skies throughout the day with a chance of rain throughout the day.,rain,,fcst
2024-12-16,1734282000,30.5,25.9,27.6,34.6,25.9,29.7,22.8,75.7,7.0,67.7,33.33,['rain'],0.0,0.0,34.0,19.8,248.6,1006.0,98.7,21.5,189.0,16.5,8.0,10.0,05:34:07,1734302047,18:02:49,1734346969,0.53,"Rain, Overcast",Cloudy skies throughout the day with a chance of rain throughout the day.,rain,,fcst
2024-12-17,1734368400,29.9,26.2,27.6,33.4,26.2,29.8,22.7,74.9,6.7,54.8,29.17,['rain'],0.0,0.0,34.9,18.7,250.6,1005.6,93.9,22.8,131.5,11.4,6.0,10.0,05:34:35,1734388475,18:03:20,1734433400,0.56,"Rain, Overcast",Cloudy skies throughout the day with a chance of rain throughout the day.,rain,,fcst
2024-12-03,1733158800,26.0,25.5,25.8,26.0,25.5,25.8,22.5,82.1,1.3,83.9,16.67,['rain'],0.0,0.0,42.1,21.2,243.7,1009.1,100.0,21.7,4.1,0.1,0.0,10.0,05:28:55,1733178535,17:56:22,1733223382,0.07,"Rain, Overcast",Cloudy skies throughout the day with a chance of rain.,rain,,fcst
2024-12-04,1733245200,28.9,24.2,26.4,31.9,24.2,27.5,22.7,80.6,30.4,77.4,50.0,['rain'],0.0,0.0,43.6,24.1,242.0,1007.7,100.0,18.0,131.2,11.2,5.0,10.0,05:29:15,1733264955,17:56:51,1733309811,0.1,"Rain, Overcast",Cloudy skies throughout the day with a chance of rain throughout the day.,rain,,fcst
2024-12-05,1733331600,29.3,25.7,27.2,32.3,25.7,28.6,22.4,75.4,3.8,93.5,33.33,['rain'],0.0,0.0,31.3,16.2,276.0,1006.6,99.2,23.3,74.7,6.5,6.0,10.0,05:29:36,1733351376,17:57:19,1733396239,0.14,"Rain, Overcast",Cloudy skies throughout the day with rain.,rain,,fcst
2024-12-06,1733418000,27.0,24.8,25.8,29.4,24.8,25.9,23.0,84.9,14.2,100.0,95.83,['rain'],0.0,0.0,15.8,10.1,103.9,1007.0,97.1,18.3,58.5,5.2,3.0,10.0,05:29:57,1733437797,17:57:49,1733482669,0.18,"Rain, Overcast",Cloudy skies throughout the day with a chance of rain throughout the day.,rain,,fcst
2024-12-07,1733504400,30.4,24.2,27.1,33.9,24.2,29.0,22.7,77.5,13.4,74.2,70.83,['rain'],0.0,0.0,17.3,15.5,60.1,1006.8,89.0,18.8,268.2,23.0,9.0,10.0,05:30:20,1733524220,17:58:18,1733569098,0.21,"Rain, Partially cloudy",Partly cloudy throughout the day with a chance of rain throughout the day.,rain,,fcst
2024-12-08,1733590800,30.9,26.3,28.0,34.8,26.3,30.4,22.8,73.8,12.7,64.5,50.0,['rain'],0.0,0.0,16.9,11.5,38.0,1007.0,90.2,13.9,206.9,17.8,8.0,10.0,05:30:42,1733610642,17:58:47,1733655527,0.25,"Rain, Overcast",Cloudy skies throughout the day with a chance of rain throughout the day.,rain,,fcst
2024-12-09,1733677200,27.5,25.3,26.4,30.2,25.3,27.5,23.0,81.8,17.4,61.3,33.33,['rain'],0.0,0.0,34.6,21.6,263.7,1007.0,96.5,19.5,54.3,4.8,2.0,10.0,05:31:06,1733697066,17:59:17,1733741957,0.28,"Rain, Overcast",Cloudy skies throughout the day with a chance of rain throughout the day.,rain,,fcst
2024-12-10,1733763600,28.6,25.0,26.1,31.9,25.0,27.0,23.1,83.4,9.2,54.8,25.0,['rain'],0.0,0.0,29.6,16.6,257.4,1006.1,99.6,20.9,67.0,5.9,3.0,10.0,05:31:30,1733783490,17:59:47,1733828387,0.32,"Rain, Overcast",Cloudy skies throughout the day with early morning rain.,rain,,fcst
2024-12-11,1733850000,26.1,24.7,25.4,26.1,24.7,25.4,22.6,84.7,6.3,54.8,33.33,['rain'],0.0,0.0,37.8,17.3,227.6,1006.4,100.0,22.1,23.4,2.1,1.0,10.0,05:31:55,1733869915,18:00:17,1733914817,0.35,"Rain, Overcast",Cloudy skies throughout the day with a chance of rain throughout the day.,rain,,fcst
2024-12-12,1733936400,25.1,23.8,24.5,25.1,23.8,24.5,22.7,89.4,31.2,61.3,25.0,['rain'],0.0,0.0,36.0,19.4,237.2,1006.3,99.1,17.0,26.3,2.6,1.0,10.0,05:32:20,1733956340,18:00:48,1734001248,0.39,"Rain, Overcast",Cloudy skies throughout the day with a chance of rain throughout the day.,rain,,fcst
2024-12-13,1734022800,27.1,23.7,25.7,29.5,23.7,26.4,22.4,82.3,8.9,67.7,20.83,['rain'],0.0,0.0,41.4,26.3,245.6,1006.3,96.3,21.4,104.4,9.3,4.0,10.0,05:32:46,1734042766,18:01:18,1734087678,0.42,"Rain, Overcast",Cloudy skies throughout the day with a chance of rain.,rain,,fcst
2024-12-14,1734109200,29.0,23.5,26.1,32.2,23.5,27.3,22.3,80.3,26.0,80.6,20.83,['rain'],0.0,0.0,39.2,24.5,258.7,1005.7,99.4,21.4,192.0,16.5,7.0,10.0,05:33:13,1734129193,18:01:49,1734174109,0.46,"Rain, Overcast",Cloudy skies throughout the day with a chance of rain.,rain,,fcst
2024-12-15,1734195600,29.7,25.7,27.3,33.4,25.7,29.0,22.8,76.6,9.0,71.0,33.33,['rain'],0.0,0.0,29.0,18.7,263.1,1006.0,99.7,20.2,183.3,15.9,6.0,10.0,05:33:40,1734215620,18:02:19,1734260539,0.5,"Rain, Overcast",Cloudy skies throughout the day with a chance of rain throughout the day.,rain,,fcst
2024-12-16,1734282000,30.5,25.9,27.6,34.6,25.9,29.7,22.8,75.7,7.0,67.7,33.33,['rain'],0.0,0.0,34.0,19.8,248.6,1006.0,98.7,21.5,189.0,16.5,8.0,10.0,05:34:07,1734302047,18:02:49,1734346969,0.53,"Rain, Overcast",Cloudy skies throughout the day with a chance of rain throughout the day.,rain,,fcst
2024-12-17,1734368400,29.9,26.2,27.6,33.4,26.2,29.8,22.7,74.9,6.7,58.1,29.17,['rain'],0.0,0.0,34.9,18.7,250.6,1005.6,93.9,22.8,131.5,11.4,6.0,10.0,05:34:35,1734388475,18:03:20,1734433400,0.56,"Rain, Overcast",Cloudy skies throughout the day with a chance of rain throughout the day.,rain,,fcst
2024-12-03,1733158800,26.0,25.5,25.8,26.0,25.5,25.8,22.5,82.3,1.2,83.9,12.5,['rain'],0.0,0.0,42.1,21.2,244.6,1009.5,100.0,21.3,1.3,0.0,0.0,10.0,05:28:55,1733178535,17:56:22,1733223382,0.07,"Rain, Overcast",Cloudy skies throughout the day with late afternoon rain.,rain,,fcst
2024-12-04,1733245200,28.9,24.2,26.4,31.9,24.2,27.5,22.7,80.6,30.4,77.4,50.0,['rain'],0.0,0.0,43.6,24.1,242.0,1007.7,100.0,18.0,131.2,11.2,5.0,10.0,05:29:15,1733264955,17:56:51,1733309811,0.1,"Rain, Overcast",Cloudy skies throughout the day with a chance of rain throughout the day.,rain,,fcst
2024-12-05,1733331600,29.3,25.7,27.2,32.3,25.7,28.6,22.4,75.4,3.8,93.5,33.33,['rain'],0.0,0.0,31.3,16.2,276.0,1006.6,99.2,23.3,74.7,6.5,6.0,10.0,05:29:36,1733351376,17:57:19,1733396239,0.14,"Rain, Overcast",Cloudy skies throughout the day with rain.,rain,,fcst
2024-12-06,1733418000,27.0,24.8,25.8,29.4,24.8,25.9,23.0,84.9,14.2,100.0,95.83,['rain'],0.0,0.0,15.8,10.1,103.9,1007.0,97.1,18.3,58.5,5.2,3.0,10.0,05:29:57,1733437797,17:57:49,1733482669,0.18,"Rain, Overcast",Cloudy skies throughout the day with a chance of rain throughout the day.,rain,,fcst
2024-12-07,1733504400,30.4,24.2,27.1,33.9,24.2,29.0,22.7,77.5,13.4,74.2,70.83,['rain'],0.0,0.0,17.3,15.5,60.1,1006.8,89.0,18.8,268.2,23.0,9.0,10.0,05:30:20,1733524220,17:58:18,1733569098,0.21,"Rain, Partially cloudy",Partly cloudy throughout the day with a chance of rain throughout the day.,rain,,fcst
2024-12-08,1733590800,30.9,26.3,28.0,34.8,26.3,30.4,22.8,73.8,12.7,64.5,50.0,['rain'],0.0,0.0,16.9,11.5,38.0,1007.0,90.2,13.9,206.9,17.8,8.0,10.0,05:30:42,1733610642,17:58:47,1733655527,0.25,"Rain, Overcast",Cloudy skies throughout the day with a chance of rain throughout the day.,rain,,fcst
2024-12-09,1733677200,27.5,25.3,26.4,30.2,25.3,27.5,23.0,81.8,17.4,61.3,33.33,['rain'],0.0,0.0,34.6,21.6,263.7,1007.0,96.5,19.5,54.3,4.8,2.0,10.0,05:31:06,1733697066,17:59:17,1733741957,0.28,"Rain, Overcast",Cloudy skies throughout the day with a chance of rain throughout the day.,rain,,fcst
2024-12-10,1733763600,28.6,25.0,26.1,31.9,25.0,27.0,23.1,83.4,9.2,54.8,25.0,['rain'],0.0,0.0,29.6,16.6,257.4,1006.1,99.6,20.9,67.0,5.9,3.0,10.0,05:31:30,1733783490,17:59:47,1733828387,0.32,"Rain, Overcast",Cloudy skies throughout the day with early morning rain.,rain,,fcst
2024-12-11,1733850000,26.1,24.7,25.4,26.1,24.7,25.4,22.6,84.7,6.3,54.8,33.33,['rain'],0.0,0.0,37.8,17.3,227.6,1006.4,100.0,22.1,23.4,2.1,1.0,10.0,05:31:55,1733869915,18:00:17,1733914817,0.35,"Rain, Overcast",Cloudy skies throughout the day with a chance of rain throughout the day.,rain,,fcst
2024-12-12,1733936400,25.1,23.8,24.5,25.1,23.8,24.5,22.7,89.4,31.2,61.3,25.0,['rain'],0.0,0.0,36.0,19.4,237.2,1006.3,99.1,17.0,26.3,2.6,1.0,10.0,05:32:20,1733956340,18:00:48,1734001248,0.39,"Rain, Overcast",Cloudy skies throughout the day with a chance of rain throughout the day.,rain,,fcst
2024-12-13,1734022800,27.1,23.7,25.7,29.5,23.7,26.4,22.4,82.3,8.9,67.7,20.83,['rain'],0.0,0.0,41.4,26.3,245.6,1006.3,96.3,21.4,104.4,9.3,4.0,10.0,05:32:46,1734042766,18:01:18,1734087678,0.42,"Rain, Overcast",Cloudy skies throughout the day with a chance of rain.,rain,,fcst
2024-12-14,1734109200,29.0,23.5,26.1,32.2,23.5,27.3,22.3,80.3,26.0,80.6,20.83,['rain'],0.0,0.0,39.2,24.5,258.7,1005.7,99.4,21.4,192.0,16.5,7.0,10.0,05:33:13,1734129193,18:01:49,1734174109,0.46,"Rain, Overcast",Cloudy skies throughout the day with a chance of rain.,rain,,fcst
2024-12-15,1734195600,29.7,25.7,27.3,33.4,25.7,29.0,22.8,76.6,9.0,71.0,33.33,['rain'],0.0,0.0,29.0,18.7,263.1,1006.0,99.7,20.2,183.3,15.9,6.0,10.0,05:33:40,1734215620,18:02:19,1734260539,0.5,"Rain, Overcast",Cloudy skies throughout the day with a chance of rain throughout the day.,rain,,fcst
2024-12-16,1734282000,30.5,25.9,27.6,34.6,25.9,29.7,22.8,75.7,7.0,67.7,33.33,['rain'],0.0,0.0,34.0,19.8,248.6,1006.0,98.7,21.5,189.0,16.5,8.0,10.0,05:34:07,1734302047,18:02:49,1734346969,0.53,"Rain, Overcast",Cloudy skies throughout the day with a chance of rain throughout the day.,rain,,fcst
2024-12-17,1734368400,29.9,26.2,27.6,33.4,26.2,29.8,22.7,74.9,6.7,58.1,29.17,['rain'],0.0,0.0,34.9,18.7,250.6,1005.6,93.9,22.8,131.5,11.4,6.0,10.0,05:34:35,1734388475,18:03:20,1734433400,0.56,"Rain, Overcast",Cloudy skies throughout the day with a chance of rain throughout the day.,rain,,fcst
2024-12-03,1733158800,26.0,25.5,25.8,26.0,25.5,25.8,22.6,82.7,1.1,83.9,8.33,['rain'],0.0,0.0,39.6,20.2,245.4,1009.8,100.0,20.8,0.0,0.0,0.0,10.0,05:28:55,1733178535,17:56:22,1733223382,0.07,"Rain, Overcast",Cloudy skies throughout the day with late afternoon rain.,rain,,fcst
2024-12-04,1733245200,28.9,24.2,26.4,31.9,24.2,27.5,22.7,80.6,30.4,77.4,50.0,['rain'],0.0,0.0,43.6,24.1,242.0,1007.7,100.0,18.0,131.2,11.2,5.0,10.0,05:29:15,1733264955,17:56:51,1733309811,0.1,"Rain, Overcast",Cloudy skies throughout the day with a chance of rain throughout the day.,rain,,fcst
2024-12-05,1733331600,29.3,25.7,27.2,32.3,25.7,28.6,22.4,75.4,3.8,93.5,33.33,['rain'],0.0,0.0,31.3,16.2,276.0,1006.6,99.2,23.3,74.7,6.5,6.0,10.0,05:29:36,1733351376,17:57:19,1733396239,0.14,"Rain, Overcast",Cloudy skies throughout the day with rain.,rain,,fcst
2024-12-06,1733418000,27.0,24.8,25.8,29.4,24.8,25.9,23.0,84.9,14.2,100.0,95.83,['rain'],0.0,0.0,15.8,10.1,103.9,1007.0,97.1,18.3,58.5,5.2,3.0,10.0,05:29:57,1733437797,17:57:49,1733482669,0.18,"Rain, Overcast",Cloudy skies throughout the day with a chance of rain throughout the day.,rain,,fcst
2024-12-07,1733504400,30.4,24.2,27.1,33.9,24.2,29.0,22.7,77.5,13.4,74.2,70.83,['rain'],0.0,0.0,17.3,15.5,60.1,1006.8,89.0,18.8,268.2,23.0,9.0,10.0,05:30:20,1733524220,17:58:18,1733569098,0.21,"Rain, Partially cloudy",Partly cloudy throughout the day with a chance of rain throughout the day.,rain,,fcst
2024-12-08,1733590800,30.9,26.3,28.0,34.8,26.3,30.4,22.8,73.8,12.7,64.5,50.0,['rain'],0.0,0.0,16.9,11.5,38.0,1007.0,90.2,13.9,206.9,17.8,8.0,10.0,05:30:42,1733610642,17:58:47,1733655527,0.25,"Rain, Overcast",Cloudy skies throughout the day with a chance of rain throughout the day.,rain,,fcst
2024-12-09,1733677200,27.5,25.3,26.4,30.2,25.3,27.5,23.0,81.8,17.4,61.3,33.33,['rain'],0.0,0.0,34.6,21.6,263.7,1007.0,96.5,19.5,54.3,4.8,2.0,10.0,05:31:06,1733697066,17:59:17,1733741957,0.28,"Rain, Overcast",Cloudy skies throughout the day with a chance of rain throughout the day.,rain,,fcst
2024-12-10,1733763600,28.6,25.0,26.1,31.9,25.0,27.0,23.1,83.4,9.2,54.8,25.0,['rain'],0.0,0.0,29.6,16.6,257.4,1006.1,99.6,20.9,67.0,5.9,3.0,10.0,05:31:30,1733783490,17:59:47,1733828387,0.32,"Rain, Overcast",Cloudy skies throughout the day with early morning rain.,rain,,fcst
2024-12-11,1733850000,26.1,24.7,25.4,26.1,24.7,25.4,22.6,84.7,6.3,54.8,33.33,['rain'],0.0,0.0,37.8,17.3,227.6,1006.4,100.0,22.1,23.4,2.1,1.0,10.0,05:31:55,1733869915,18:00:17,1733914817,0.35,"Rain, Overcast",Cloudy skies throughout the day with a chance of rain throughout the day.,rain,,fcst
2024-12-12,1733936400,25.1,23.8,24.5,25.1,23.8,24.5,22.7,89.4,31.2,61.3,25.0,['rain'],0.0,0.0,36.0,19.4,237.2,1006.3,99.1,17.0,26.3,2.6,1.0,10.0,05:32:20,1733956340,18:00:48,1734001248,0.39,"Rain, Overcast",Cloudy skies throughout the day with a chance of rain throughout the day.,rain,,fcst
2024-12-13,1734022800,27.1,23.7,25.7,29.5,23.7,26.4,22.4,82.3,8.9,67.7,20.83,['rain'],0.0,0.0,41.4,26.3,245.6,1006.3,96.3,21.4,104.4,9.3,4.0,10.0,05:32:46,1734042766,18:01:18,1734087678,0.42,"Rain, Overcast",Cloudy skies throughout the day with a chance of rain.,rain,,fcst
2024-12-14,1734109200,29.0,23.5,26.1,32.2,23.5,27.3,22.3,80.3,26.0,80.6,20.83,['rain'],0.0,0.0,39.2,24.5,258.7,1005.7,99.4,21.4,192.0,16.5,7.0,10.0,05:33:13,1734129193,18:01:49,1734174109,0.46,"Rain, Overcast",Cloudy skies throughout the day with a chance of rain.,rain,,fcst
2024-12-15,1734195600,29.7,25.7,27.3,33.4,25.7,29.0,22.8,76.6,9.0,71.0,33.33,['rain'],0.0,0.0,29.0,18.7,263.1,1006.0,99.7,20.2,183.3,15.9,6.0,10.0,05:33:40,1734215620,18:02:19,1734260539,0.5,"Rain, Overcast",Cloudy skies throughout the day with a chance of rain throughout the day.,rain,,fcst
2024-12-16,1734282000,30.5,25.9,27.6,34.6,25.9,29.7,22.8,75.7,7.0,67.7,33.33,['rain'],0.0,0.0,34.0,19.8,248.6,1006.0,98.7,21.5,189.0,16.5,8.0,10.0,05:34:07,1734302047,18:02:49,1734346969,0.53,"Rain, Overcast",Cloudy skies throughout the day with a chance of rain throughout the day.,rain,,fcst
2024-12-17,1734368400,29.9,26.2,27.6,33.4,26.2,29.8,22.7,74.9,6.7,58.1,29.17,['rain'],0.0,0.0,34.9,18.7,250.6,1005.6,93.9,22.8,131.5,11.4,6.0,10.0,05:34:35,1734388475,18:03:20,1734433400,0.56,"Rain, Overcast",Cloudy skies throughout the day with a chance of rain throughout the day.,rain,,fcst
2024-12-03,1733158800,25.8,25.5,25.7,25.8,25.5,25.7,22.7,83.6,0.4,77.4,12.5,['rain'],0.0,0.0,39.6,19.8,248.2,1010.3,99.7,24.0,0.0,0.0,0.0,10.0,05:28:55,1733178535,17:56:22,1733223382,0.07,"Rain, Overcast",Cloudy skies throughout the day with late afternoon rain.,rain,,fcst
2024-12-04,1733245200,29.0,25.4,27.2,32.1,25.4,28.9,22.6,76.2,2.4,77.4,33.33,['rain'],0.0,0.0,41.4,25.9,243.0,1007.7,100.0,23.0,121.5,10.5,4.0,10.0,05:29:15,1733264955,17:56:51,1733309811,0.1,"Rain, Overcast",Cloudy skies throughout the day with a chance of rain throughout the day.,rain,,fcst
2024-12-05,1733331600,30.1,26.2,28.0,33.2,26.2,30.0,22.3,71.4,5.5,93.5,33.33,['rain'],0.0,0.0,30.6,20.5,252.9,1006.5,94.5,21.4,148.9,13.0,6.0,10.0,05:29:36,1733351376,17:57:19,1733396239,0.14,"Rain, Overcast",Cloudy skies throughout the day with rain.,rain,,fcst
2024-12-06,1733418000,27.1,24.7,25.5,29.6,24.7,25.7,23.0,86.1,23.8,100.0,100.0,['rain'],0.0,0.0,12.2,10.8,41.5,1007.2,97.4,13.6,59.5,5.1,4.0,10.0,05:29:57,1733437797,17:57:49,1733482669,0.18,"Rain, Overcast",Cloudy skies throughout the day with a chance of rain throughout the day.,rain,,fcst
2024-12-07,1733504400,30.5,24.5,27.2,33.9,24.5,29.1,22.4,75.7,7.4,74.2,58.33,['rain'],0.0,0.0,11.9,10.4,352.1,1006.4,95.7,21.8,188.9,16.4,9.0,10.0,05:30:20,1733524220,17:58:18,1733569098,0.21,"Rain, Overcast",Cloudy skies throughout the day with a chance of rain throughout the day.,rain,,fcst
2024-12-08,1733590800,28.8,26.2,27.6,32.4,26.2,30.0,23.2,77.2,20.7,64.5,66.67,['rain'],0.0,0.0,23.6,10.0,117.4,1006.7,99.6,12.1,191.3,16.3,6.0,10.0,05:30:42,1733610642,17:58:47,1733655527,0.25,"Rain, Overcast",Cloudy skies throughout the day with a chance of rain throughout the day.,rain,,fcst
2024-12-09,1733677200,26.8,25.4,26.1,29.3,25.4,26.3,23.4,85.3,16.0,61.3,33.33,['rain'],0.0,0.0,27.0,14.8,271.0,1006.6,100.0,17.7,26.3,2.3,1.0,10.0,05:31:06,1733697066,17:59:17,1733741957,0.28,"Rain, Overcast",Cloudy skies throughout the day with a chance of rain throughout the day.,rain,,fcst
2024-12-10,1733763600,27.8,25.3,26.6,31.0,25.3,27.8,23.1,81.3,5.5,54.8,29.17,['rain'],0.0,0.0,34.6,17.3,258.1,1006.0,100.0,24.1,77.0,6.9,3.0,10.0,05:31:30,1733783490,17:59:47,1733828387,0.32,"Rain, Overcast",Cloudy skies throughout the day with rain clearing later.,rain,,fcst
2024-12-11,1733850000,30.4,26.0,27.5,34.7,26.0,29.8,23.2,77.5,7.2,54.8,25.0,['rain'],0.0,0.0,39.2,23.8,253.4,1004.5,96.3,19.8,136.8,11.9,6.0,30.0,05:31:55,1733869915,18:00:17,1733914817,0.35,"Rain, Overcast",Cloudy skies throughout the day with storms possible.,rain,,fcst
2024-12-12,1733936400,30.7,26.2,28.3,35.1,26.2,31.0,22.9,72.9,10.4,61.3,29.17,['rain'],0.0,0.0,37.3,24.1,249.3,1004.9,96.8,22.4,214.3,18.6,7.0,10.0,05:32:20,1733956340,18:00:48,1734001248,0.39,"Rain, Overcast",Cloudy skies throughout the day with a chance of rain.,rain,,fcst
2024-12-13,1734022800,26.5,24.6,25.3,26.5,24.6,25.3,22.8,86.0,23.1,67.7,29.17,['rain'],0.0,0.0,44.6,23.8,237.4,1006.7,100.0,16.3,30.4,2.7,1.0,10.0,05:32:46,1734042766,18:01:18,1734087678,0.42,"Rain, Overcast",Cloudy skies throughout the day with a chance of rain throughout the day.,rain,,fcst
2024-12-14,1734109200,29.6,24.7,26.5,33.6,24.7,27.8,22.9,80.9,20.0,80.6,25.0,['rain'],0.0,0.0,40.0,27.0,247.3,1006.9,87.8,21.4,172.0,14.7,7.0,10.0,05:33:13,1734129193,18:01:49,1734174109,0.46,"Rain, Partially cloudy",Partly cloudy throughout the day with a chance of rain throughout the day.,rain,,fcst
2024-12-15,1734195600,28.9,25.8,26.6,32.3,25.8,27.2,22.7,79.2,1.5,71.0,25.0,['rain'],0.0,0.0,46.1,27.4,243.5,1007.1,91.0,24.0,107.8,9.3,5.0,10.0,05:33:40,1734215620,18:02:19,1734260539,0.5,"Rain, Overcast",Cloudy skies throughout the day with a chance of rain throughout the day.,rain,,fcst
2024-12-16,1734282000,28.0,25.9,26.8,31.7,25.9,28.1,23.0,79.7,6.8,67.7,29.17,['rain'],0.0,0.0,40.3,22.7,251.8,1006.5,100.0,21.9,94.0,8.1,3.0,10.0,05:34:07,1734302047,18:02:49,1734346969,0.53,"Rain, Overcast",Cloudy skies throughout the day with a chance of rain throughout the day.,rain,,fcst
2024-12-17,1734368400,29.0,26.0,27.4,32.3,26.0,29.3,22.6,75.1,1.7,58.1,20.83,['rain'],0.0,0.0,38.5,25.9,244.7,1005.9,100.0,23.7,100.8,8.4,4.0,10.0,05:34:35,1734388475,18:03:20,1734433400,0.56,"Rain, Overcast",Cloudy skies throughout the day with a chance of rain throughout the day.,rain,,fcst
2024-12-03,1733158800,25.8,25.6,25.7,25.8,25.6,25.7,22.7,83.5,0.3,77.4,8.33,['rain'],0.0,0.0,39.6,19.8,248.0,1010.3,99.6,23.9,0.0,0.0,0.0,10.0,05:28:55,1733178535,17:56:22,1733223382,0.07,"Rain, Overcast",Cloudy skies throughout the day with late afternoon rain.,rain,,fcst
2024-12-04,1733245200,29.0,25.4,27.2,32.1,25.4,28.9,22.6,76.2,2.4,77.4,33.33,['rain'],0.0,0.0,41.4,25.9,243.0,1007.7,100.0,23.0,121.5,10.5,4.0,10.0,05:29:15,1733264955,17:56:51,1733309811,0.1,"Rain, Overcast",Cloudy skies throughout the day with a chance of rain throughout the day.,rain,,fcst
2024-12-05,1733331600,30.1,26.2,28.0,33.2,26.2,30.0,22.3,71.4,5.5,93.5,33.33,['rain'],0.0,0.0,30.6,20.5,252.9,1006.5,94.5,21.4,148.9,13.0,6.0,10.0,05:29:36,1733351376,17:57:19,1733396239,0.14,"Rain, Overcast",Cloudy skies throughout the day with rain.,rain,,fcst
2024-12-06,1733418000,27.1,24.7,25.5,29.6,24.7,25.7,23.0,86.1,23.8,100.0,100.0,['rain'],0.0,0.0,12.2,10.8,41.5,1007.2,97.4,13.6,59.5,5.1,4.0,10.0,05:29:57,1733437797,17:57:49,1733482669,0.18,"Rain, Overcast",Cloudy skies throughout the day with a chance of rain throughout the day.,rain,,fcst
2024-12-07,1733504400,30.5,24.5,27.2,33.9,24.5,29.1,22.4,75.7,7.4,74.2,58.33,['rain'],0.0,0.0,11.9,10.4,352.1,1006.4,95.7,21.8,188.9,16.4,9.0,10.0,05:30:20,1733524220,17:58:18,1733569098,0.21,"Rain, Overcast",Cloudy skies throughout the day with a chance of rain throughout the day.,rain,,fcst
2024-12-08,1733590800,28.8,26.2,27.6,32.4,26.2,30.0,23.2,77.2,20.7,64.5,66.67,['rain'],0.0,0.0,23.6,10.0,117.4,1006.7,99.6,12.1,191.3,16.3,6.0,10.0,05:30:42,1733610642,17:58:47,1733655527,0.25,"Rain, Overcast",Cloudy skies throughout the day with a chance of rain throughout the day.,rain,,fcst
2024-12-09,1733677200,26.8,25.4,26.1,29.3,25.4,26.3,23.4,85.3,16.0,61.3,33.33,['rain'],0.0,0.0,27.0,14.8,271.0,1006.6,100.0,17.7,26.3,2.3,1.0,10.0,05:31:06,1733697066,17:59:17,1733741957,0.28,"Rain, Overcast",Cloudy skies throughout the day with a chance of rain throughout the day.,rain,,fcst
2024-12-10,1733763600,27.8,25.3,26.6,31.0,25.3,27.8,23.1,81.3,5.5,54.8,29.17,['rain'],0.0,0.0,34.6,17.3,258.1,1006.0,100.0,24.1,77.0,6.9,3.0,10.0,05:31:30,1733783490,17:59:47,1733828387,0.32,"Rain, Overcast",Cloudy skies throughout the day with rain clearing later.,rain,,fcst
2024-12-11,1733850000,30.4,26.0,27.5,34.7,26.0,29.8,23.2,77.5,7.2,54.8,25.0,['rain'],0.0,0.0,39.2,23.8,253.4,1004.5,96.3,19.8,136.8,11.9,6.0,30.0,05:31:55,1733869915,18:00:17,1733914817,0.35,"Rain, Overcast",Cloudy skies throughout the day with storms possible.,rain,,fcst
2024-12-12,1733936400,30.7,26.2,28.3,35.1,26.2,31.0,22.9,72.9,10.4,61.3,29.17,['rain'],0.0,0.0,37.3,24.1,249.3,1004.9,96.8,22.4,214.3,18.6,7.0,10.0,05:32:20,1733956340,18:00:48,1734001248,0.39,"Rain, Overcast",Cloudy skies throughout the day with a chance of rain.,rain,,fcst
2024-12-13,1734022800,26.5,24.6,25.3,26.5,24.6,25.3,22.8,86.0,23.1,67.7,29.17,['rain'],0.0,0.0,44.6,23.8,237.4,1006.7,100.0,16.3,30.4,2.7,1.0,10.0,05:32:46,1734042766,18:01:18,1734087678,0.42,"Rain, Overcast",Cloudy skies throughout the day with a chance of rain throughout the day.,rain,,fcst
2024-12-14,1734109200,29.6,24.7,26.5,33.6,24.7,27.8,22.9,80.9,20.0,80.6,25.0,['rain'],0.0,0.0,40.0,27.0,247.3,1006.9,87.8,21.4,172.0,14.7,7.0,10.0,05:33:13,1734129193,18:01:49,1734174109,0.46,"Rain, Partially cloudy",Partly cloudy throughout the day with a chance of rain throughout the day.,rain,,fcst
2024-12-15,1734195600,28.9,25.8,26.6,32.3,25.8,27.2,22.7,79.2,1.5,71.0,25.0,['rain'],0.0,0.0,46.1,27.4,243.5,1007.1,91.0,24.0,107.8,9.3,5.0,10.0,05:33:40,1734215620,18:02:19,1734260539,0.5,"Rain, Overcast",Cloudy skies throughout the day with a chance of rain throughout the day.,rain,,fcst
2024-12-16,1734282000,28.0,25.9,26.8,31.7,25.9,28.1,23.0,79.7,6.8,67.7,29.17,['rain'],0.0,0.0,40.3,22.7,251.8,1006.5,100.0,21.9,94.0,8.1,3.0,10.0,05:34:07,1734302047,18:02:49,1734346969,0.53,"Rain, Overcast",Cloudy skies throughout the day with a chance of rain throughout the day.,rain,,fcst
2024-12-17,1734368400,29.0,26.0,27.4,32.3,26.0,29.3,22.6,75.1,1.7,58.1,20.83,['rain'],0.0,0.0,38.5,25.9,244.7,1005.9,100.0,23.7,100.8,8.4,4.0,10.0,05:34:35,1734388475,18:03:20,1734433400,0.56,"Rain, Overcast",Cloudy skies throughout the day with a chance of rain throughout the day.,rain,,fcst
2024-12-03,1733158800,25.8,25.7,25.8,25.8,25.7,25.8,22.8,83.5,0.1,77.4,4.17,['rain'],0.0,0.0,38.5,19.8,248.1,1010.0,99.4,23.9,0.0,0.0,0.0,10.0,05:28:55,1733178535,17:56:22,1733223382,0.07,"Rain, Overcast",Cloudy skies throughout the day with late afternoon rain.,rain,,fcst
2024-12-04,1733245200,29.0,25.4,27.2,32.1,25.4,28.9,22.6,76.2,2.4,77.4,33.33,['rain'],0.0,0.0,41.4,25.9,243.0,1007.7,100.0,23.0,121.5,10.5,4.0,10.0,05:29:15,1733264955,17:56:51,1733309811,0.1,"Rain, Overcast",Cloudy skies throughout the day with a chance of rain throughout the day.,rain,,fcst
2024-12-05,1733331600,30.1,26.2,28.0,33.2,26.2,30.0,22.3,71.4,5.5,93.5,33.33,['rain'],0.0,0.0,30.6,20.5,252.9,1006.5,94.5,21.4,148.9,13.0,6.0,10.0,05:29:36,1733351376,17:57:19,1733396239,0.14,"Rain, Overcast",Cloudy skies throughout the day with rain.,rain,,fcst
2024-12-06,1733418000,27.1,24.7,25.5,29.6,24.7,25.7,23.0,86.1,23.8,100.0,100.0,['rain'],0.0,0.0,12.2,10.8,41.5,1007.2,97.4,13.6,59.5,5.1,4.0,10.0,05:29:57,1733437797,17:57:49,1733482669,0.18,"Rain, Overcast",Cloudy skies throughout the day with a chance of rain throughout the day.,rain,,fcst
2024-12-07,1733504400,30.5,24.5,27.2,33.9,24.5,29.1,22.4,75.7,7.4,74.2,58.33,['rain'],0.0,0.0,11.9,10.4,352.1,1006.4,95.7,21.8,188.9,16.4,9.0,10.0,05:30:20,1733524220,17:58:18,1733569098,0.21,"Rain, Overcast",Cloudy skies throughout the day with a chance of rain throughout the day.,rain,,fcst
2024-12-08,1733590800,28.8,26.2,27.6,32.4,26.2,30.0,23.2,77.2,20.7,64.5,66.67,['rain'],0.0,0.0,23.6,10.0,117.4,1006.7,99.6,12.1,191.3,16.3,6.0,10.0,05:30:42,1733610642,17:58:47,1733655527,0.25,"Rain, Overcast",Cloudy skies throughout the day with a chance of rain throughout the day.,rain,,fcst
2024-12-09,1733677200,26.8,25.4,26.1,29.3,25.4,26.3,23.4,85.3,16.0,61.3,33.33,['rain'],0.0,0.0,27.0,14.8,271.0,1006.6,100.0,17.7,26.3,2.3,1.0,10.0,05:31:06,1733697066,17:59:17,1733741957,0.28,"Rain, Overcast",Cloudy skies throughout the day with a chance of rain throughout the day.,rain,,fcst
2024-12-10,1733763600,27.8,25.3,26.6,31.0,25.3,27.8,23.1,81.3,5.5,54.8,29.17,['rain'],0.0,0.0,34.6,17.3,258.1,1006.0,100.0,24.1,77.0,6.9,3.0,10.0,05:31:30,1733783490,17:59:47,1733828387,0.32,"Rain, Overcast",Cloudy skies throughout the day with rain clearing later.,rain,,fcst
2024-12-11,1733850000,30.4,26.0,27.5,34.7,26.0,29.8,23.2,77.5,7.2,54.8,25.0,['rain'],0.0,0.0,39.2,23.8,253.4,1004.5,96.3,19.8,136.8,11.9,6.0,30.0,05:31:55,1733869915,18:00:17,1733914817,0.35,"Rain, Overcast",Cloudy skies throughout the day with storms possible.,rain,,fcst
2024-12-12,1733936400,30.7,26.2,28.3,35.1,26.2,31.0,22.9,72.9,10.4,61.3,29.17,['rain'],0.0,0.0,37.3,24.1,249.3,1004.9,96.8,22.4,214.3,18.6,7.0,10.0,05:32:20,1733956340,18:00:48,1734001248,0.39,"Rain, Overcast",Cloudy skies throughout the day with a chance of rain.,rain,,fcst
2024-12-13,1734022800,26.5,24.6,25.3,26.5,24.6,25.3,22.8,86.0,23.1,67.7,29.17,['rain'],0.0,0.0,44.6,23.8,237.4,1006.7,100.0,16.3,30.4,2.7,1.0,10.0,05:32:46,1734042766,18:01:18,1734087678,0.42,"Rain, Overcast",Cloudy skies throughout the day with a chance of rain throughout the day.,rain,,fcst
2024-12-14,1734109200,29.6,24.7,26.5,33.6,24.7,27.8,22.9,80.9,20.0,80.6,25.0,['rain'],0.0,0.0,40.0,27.0,247.3,1006.9,87.8,21.4,172.0,14.7,7.0,10.0,05:33:13,1734129193,18:01:49,1734174109,0.46,"Rain, Partially cloudy",Partly cloudy throughout the day with a chance of rain throughout the day.,rain,,fcst
2024-12-15,1734195600,28.9,25.8,26.6,32.3,25.8,27.2,22.7,79.2,1.5,71.0,25.0,['rain'],0.0,0.0,46.1,27.4,243.5,1007.1,91.0,24.0,107.8,9.3,5.0,10.0,05:33:40,1734215620,18:02:19,1734260539,0.5,"Rain, Overcast",Cloudy skies throughout the day with a chance of rain throughout the day.,rain,,fcst
2024-12-16,1734282000,28.0,25.9,26.8,31.7,25.9,28.1,23.0,79.7,6.8,67.7,29.17,['rain'],0.0,0.0,40.3,22.7,251.8,1006.5,100.0,21.9,94.0,8.1,3.0,10.0,05:34:07,1734302047,18:02:49,1734346969,0.53,"Rain, Overcast",Cloudy skies throughout the day with a chance of rain throughout the day.,rain,,fcst
2024-12-17,1734368400,29.0,26.0,27.4,32.3,26.0,29.3,22.6,75.1,1.7,58.1,20.83,['rain'],0.0,0.0,38.5,25.9,244.7,1005.9,100.0,23.7,100.8,8.4,4.0,10.0,05:34:35,1734388475,18:03:20,1734433400,0.56,"Rain, Overcast",Cloudy skies throughout the day with a chance of rain throughout the day.,rain,,fcst
2024-12-03,1733158800,25.8,25.8,25.8,25.8,25.8,25.8,22.7,83.0,0.0,45.2,0.0,['rain'],0.0,0.0,36.7,17.6,247.6,1010.0,99.7,23.7,0.0,0.0,0.0,10.0,05:28:55,1733178535,17:56:22,1733223382,0.07,"Rain, Overcast",Cloudy skies throughout the day with a chance of rain.,rain,,fcst
2024-12-04,1733245200,29.0,25.4,27.2,32.1,25.4,28.9,22.6,76.2,2.4,64.5,33.33,['rain'],0.0,0.0,41.4,25.9,243.0,1007.7,100.0,23.0,121.5,10.5,4.0,10.0,05:29:15,1733264955,17:56:51,1733309811,0.1,"Rain, Overcast",Cloudy skies throughout the day with a chance of rain throughout the day.,rain,,fcst
2024-12-05,1733331600,30.1,26.2,28.0,33.2,26.2,30.0,22.3,71.4,5.5,77.4,33.33,['rain'],0.0,0.0,30.6,20.5,252.9,1006.5,94.5,21.4,148.9,13.0,6.0,10.0,05:29:36,1733351376,17:57:19,1733396239,0.14,"Rain, Overcast",Cloudy skies throughout the day with a chance of rain.,rain,,fcst
2024-12-06,1733418000,27.1,24.7,25.5,29.6,24.7,25.7,23.0,86.1,23.8,93.5,100.0,['rain'],0.0,0.0,12.2,10.8,41.5,1007.2,97.4,13.6,59.5,5.1,4.0,10.0,05:29:57,1733437797,17:57:49,1733482669,0.18,"Rain, Overcast",Cloudy skies throughout the day with a chance of rain throughout the day.,rain,,fcst
2024-12-07,1733504400,30.5,24.5,27.2,33.9,24.5,29.1,22.4,75.7,7.4,71.0,58.33,['rain'],0.0,0.0,11.9,10.4,352.1,1006.4,95.7,21.8,188.9,16.4,9.0,10.0,05:30:20,1733524220,17:58:18,1733569098,0.21,"Rain, Overcast",Cloudy skies throughout the day with a chance of rain.,rain,,fcst
2024-12-08,1733590800,28.8,26.2,27.6,32.4,26.2,30.0,23.2,77.2,20.7,71.0,66.67,['rain'],0.0,0.0,23.6,10.0,117.4,1006.7,99.6,12.1,191.3,16.3,6.0,10.0,05:30:42,1733610642,17:58:47,1733655527,0.25,"Rain, Overcast",Cloudy skies throughout the day with a chance of rain throughout the day.,rain,,fcst
2024-12-09,1733677200,26.8,25.4,26.1,29.3,25.4,26.3,23.4,85.3,16.0,54.8,33.33,['rain'],0.0,0.0,27.0,14.8,271.0,1006.6,100.0,17.7,26.3,2.3,1.0,10.0,05:31:06,1733697066,17:59:17,1733741957,0.28,"Rain, Overcast",Cloudy skies throughout the day with a chance of rain throughout the day.,rain,,fcst
2024-12-10,1733763600,27.8,25.3,26.6,31.0,25.3,27.8,23.1,81.3,5.5,58.1,29.17,['rain'],0.0,0.0,34.6,17.3,258.1,1006.0,100.0,24.1,77.0,6.9,3.0,10.0,05:31:30,1733783490,17:59:47,1733828387,0.32,"Rain, Overcast",Cloudy skies throughout the day with a chance of rain throughout the day.,rain,,fcst
2024-12-11,1733850000,30.4,26.0,27.5,34.7,26.0,29.8,23.2,77.5,7.2,58.1,25.0,['rain'],0.0,0.0,39.2,23.8,253.4,1004.5,96.3,19.8,136.8,11.9,6.0,30.0,05:31:55,1733869915,18:00:17,1733914817,0.35,"Rain, Overcast",Cloudy skies throughout the day with storms possible.,rain,,fcst
2024-12-12,1733936400,30.7,26.2,28.3,35.1,26.2,31.0,22.9,72.9,10.4,54.8,29.17,['rain'],0.0,0.0,37.3,24.1,249.3,1004.9,96.8,22.4,214.3,18.6,7.0,10.0,05:32:20,1733956340,18:00:48,1734001248,0.39,"Rain, Overcast",Cloudy skies throughout the day with morning rain.,rain,,fcst
2024-12-13,1734022800,26.5,24.6,25.3,26.5,24.6,25.3,22.8,86.0,23.1,54.8,29.17,['rain'],0.0,0.0,44.6,23.8,237.4,1006.7,100.0,16.3,30.4,2.7,1.0,10.0,05:32:46,1734042766,18:01:18,1734087678,0.42,"Rain, Overcast",Cloudy skies throughout the day with a chance of rain throughout the day.,rain,,fcst
2024-12-14,1734109200,29.6,24.7,26.5,33.6,24.7,27.8,22.9,80.9,20.0,45.2,25.0,['rain'],0.0,0.0,40.0,27.0,247.3,1006.9,87.8,21.4,172.0,14.7,7.0,10.0,05:33:13,1734129193,18:01:49,1734174109,0.46,"Rain, Partially cloudy",Partly cloudy throughout the day with a chance of rain.,rain,,fcst
2024-12-15,1734195600,28.9,25.8,26.6,32.3,25.8,27.2,22.7,79.2,1.5,61.3,25.0,['rain'],0.0,0.0,46.1,27.4,243.5,1007.1,91.0,24.0,107.8,9.3,5.0,10.0,05:33:40,1734215620,18:02:19,1734260539,0.5,"Rain, Overcast",Cloudy skies throughout the day with a chance of rain.,rain,,fcst
2024-12-16,1734282000,28.0,25.9,26.8,31.7,25.9,28.1,23.0,79.7,6.8,61.3,29.17,['rain'],0.0,0.0,40.3,22.7,251.8,1006.5,100.0,21.9,94.0,8.1,3.0,10.0,05:34:07,1734302047,18:02:49,1734346969,0.53,"Rain, Overcast",Cloudy skies throughout the day with a chance of rain throughout the day.,rain,,fcst
2024-12-17,1734368400,29.0,26.0,27.4,32.3,26.0,29.3,22.6,75.1,1.7,71.0,20.83,['rain'],0.0,0.0,38.5,25.9,244.7,1005.9,100.0,23.7,100.8,8.4,4.0,10.0,05:34:35,1734388475,18:03:20,1734433400,0.56,"Rain, Overcast",Cloudy skies throughout the day with a chance of rain throughout the day.,rain,,fcst
